var,var_label,value_type,dataset_id
AGE,Age in years at admission,int32,NY_SEDD_2018_CORE
AGEDAY,Age in days (when age < 1 year),int32,NY_SEDD_2018_CORE
AGEMONTH,Age in months (when age < 11 years),int32,NY_SEDD_2018_CORE
AHOUR,Admission Hour,int32,NY_SEDD_2018_CORE
AMONTH,Admission month,int32,NY_SEDD_2018_CORE
ATYPE,Admission type,int32,NY_SEDD_2018_CORE
AWEEKEND,Admission day is a weekend,int32,NY_SEDD_2018_CORE
BLOOD,Pints of blood furnished to the patient,int32,NY_SEDD_2018_CORE
BP_DIASTOLIC_X,"Diastolic blood pressure of the patient, as received from data source",int32,NY_SEDD_2018_CORE
BP_SYSTOLIC_X,"Systolic blood pressure of the patient, as received from data source",int32,NY_SEDD_2018_CORE
CPT1,CPT/HCPCS procedure code 1,string,NY_SEDD_2018_CORE
CPT2,CPT/HCPCS procedure code 2,string,NY_SEDD_2018_CORE
CPT3,CPT/HCPCS procedure code 3,string,NY_SEDD_2018_CORE
CPT4,CPT/HCPCS procedure code 4,string,NY_SEDD_2018_CORE
CPT5,CPT/HCPCS procedure code 5,string,NY_SEDD_2018_CORE
CPT6,CPT/HCPCS procedure code 6,string,NY_SEDD_2018_CORE
CPT7,CPT/HCPCS procedure code 7,string,NY_SEDD_2018_CORE
CPT8,CPT/HCPCS procedure code 8,string,NY_SEDD_2018_CORE
CPT9,CPT/HCPCS procedure code 9,string,NY_SEDD_2018_CORE
CPT10,CPT/HCPCS procedure code 10,string,NY_SEDD_2018_CORE
CPT11,CPT/HCPCS procedure code 11,string,NY_SEDD_2018_CORE
CPT12,CPT/HCPCS procedure code 12,string,NY_SEDD_2018_CORE
CPT13,CPT/HCPCS procedure code 13,string,NY_SEDD_2018_CORE
CPT14,CPT/HCPCS procedure code 14,string,NY_SEDD_2018_CORE
CPT15,CPT/HCPCS procedure code 15,string,NY_SEDD_2018_CORE
CPT16,CPT/HCPCS procedure code 16,string,NY_SEDD_2018_CORE
CPT17,CPT/HCPCS procedure code 17,string,NY_SEDD_2018_CORE
CPT18,CPT/HCPCS procedure code 18,string,NY_SEDD_2018_CORE
CPT19,CPT/HCPCS procedure code 19,string,NY_SEDD_2018_CORE
CPT20,CPT/HCPCS procedure code 20,string,NY_SEDD_2018_CORE
CPT21,CPT/HCPCS procedure code 21,string,NY_SEDD_2018_CORE
CPT22,CPT/HCPCS procedure code 22,string,NY_SEDD_2018_CORE
CPT23,CPT/HCPCS procedure code 23,string,NY_SEDD_2018_CORE
CPT24,CPT/HCPCS procedure code 24,string,NY_SEDD_2018_CORE
CPT25,CPT/HCPCS procedure code 25,string,NY_SEDD_2018_CORE
CPT26,CPT/HCPCS procedure code 26,string,NY_SEDD_2018_CORE
CPT27,CPT/HCPCS procedure code 27,string,NY_SEDD_2018_CORE
CPT28,CPT/HCPCS procedure code 28,string,NY_SEDD_2018_CORE
CPT29,CPT/HCPCS procedure code 29,string,NY_SEDD_2018_CORE
CPT30,CPT/HCPCS procedure code 30,string,NY_SEDD_2018_CORE
CPT31,CPT/HCPCS procedure code 31,string,NY_SEDD_2018_CORE
CPT32,CPT/HCPCS procedure code 32,string,NY_SEDD_2018_CORE
CPT33,CPT/HCPCS procedure code 33,string,NY_SEDD_2018_CORE
CPT34,CPT/HCPCS procedure code 34,string,NY_SEDD_2018_CORE
CPT35,CPT/HCPCS procedure code 35,string,NY_SEDD_2018_CORE
CPT36,CPT/HCPCS procedure code 36,string,NY_SEDD_2018_CORE
CPT37,CPT/HCPCS procedure code 37,string,NY_SEDD_2018_CORE
CPT38,CPT/HCPCS procedure code 38,string,NY_SEDD_2018_CORE
CPT39,CPT/HCPCS procedure code 39,string,NY_SEDD_2018_CORE
CPT40,CPT/HCPCS procedure code 40,string,NY_SEDD_2018_CORE
CPT41,CPT/HCPCS procedure code 41,string,NY_SEDD_2018_CORE
CPT42,CPT/HCPCS procedure code 42,string,NY_SEDD_2018_CORE
CPT43,CPT/HCPCS procedure code 43,string,NY_SEDD_2018_CORE
CPT44,CPT/HCPCS procedure code 44,string,NY_SEDD_2018_CORE
CPT45,CPT/HCPCS procedure code 45,string,NY_SEDD_2018_CORE
CPT46,CPT/HCPCS procedure code 46,string,NY_SEDD_2018_CORE
CPT47,CPT/HCPCS procedure code 47,string,NY_SEDD_2018_CORE
CPT48,CPT/HCPCS procedure code 48,string,NY_SEDD_2018_CORE
CPT49,CPT/HCPCS procedure code 49,string,NY_SEDD_2018_CORE
CPT50,CPT/HCPCS procedure code 50,string,NY_SEDD_2018_CORE
CPT51,CPT/HCPCS procedure code 51,string,NY_SEDD_2018_CORE
CPT52,CPT/HCPCS procedure code 52,string,NY_SEDD_2018_CORE
CPT53,CPT/HCPCS procedure code 53,string,NY_SEDD_2018_CORE
CPT54,CPT/HCPCS procedure code 54,string,NY_SEDD_2018_CORE
CPT55,CPT/HCPCS procedure code 55,string,NY_SEDD_2018_CORE
CPT56,CPT/HCPCS procedure code 56,string,NY_SEDD_2018_CORE
CPT57,CPT/HCPCS procedure code 57,string,NY_SEDD_2018_CORE
CPT58,CPT/HCPCS procedure code 58,string,NY_SEDD_2018_CORE
CPT59,CPT/HCPCS procedure code 59,string,NY_SEDD_2018_CORE
CPT60,CPT/HCPCS procedure code 60,string,NY_SEDD_2018_CORE
CPT61,CPT/HCPCS procedure code 61,string,NY_SEDD_2018_CORE
CPT62,CPT/HCPCS procedure code 62,string,NY_SEDD_2018_CORE
CPT63,CPT/HCPCS procedure code 63,string,NY_SEDD_2018_CORE
CPT64,CPT/HCPCS procedure code 64,string,NY_SEDD_2018_CORE
CPT65,CPT/HCPCS procedure code 65,string,NY_SEDD_2018_CORE
CPT66,CPT/HCPCS procedure code 66,string,NY_SEDD_2018_CORE
CPT67,CPT/HCPCS procedure code 67,string,NY_SEDD_2018_CORE
CPT68,CPT/HCPCS procedure code 68,string,NY_SEDD_2018_CORE
CPT69,CPT/HCPCS procedure code 69,string,NY_SEDD_2018_CORE
CPT70,CPT/HCPCS procedure code 70,string,NY_SEDD_2018_CORE
CPT71,CPT/HCPCS procedure code 71,string,NY_SEDD_2018_CORE
CPT72,CPT/HCPCS procedure code 72,string,NY_SEDD_2018_CORE
CPT73,CPT/HCPCS procedure code 73,string,NY_SEDD_2018_CORE
CPT74,CPT/HCPCS procedure code 74,string,NY_SEDD_2018_CORE
CPT75,CPT/HCPCS procedure code 75,string,NY_SEDD_2018_CORE
CPT76,CPT/HCPCS procedure code 76,string,NY_SEDD_2018_CORE
CPT77,CPT/HCPCS procedure code 77,string,NY_SEDD_2018_CORE
CPT78,CPT/HCPCS procedure code 78,string,NY_SEDD_2018_CORE
CPT79,CPT/HCPCS procedure code 79,string,NY_SEDD_2018_CORE
CPT80,CPT/HCPCS procedure code 80,string,NY_SEDD_2018_CORE
CPT81,CPT/HCPCS procedure code 81,string,NY_SEDD_2018_CORE
CPT82,CPT/HCPCS procedure code 82,string,NY_SEDD_2018_CORE
CPT83,CPT/HCPCS procedure code 83,string,NY_SEDD_2018_CORE
CPT84,CPT/HCPCS procedure code 84,string,NY_SEDD_2018_CORE
CPT85,CPT/HCPCS procedure code 85,string,NY_SEDD_2018_CORE
CPT86,CPT/HCPCS procedure code 86,string,NY_SEDD_2018_CORE
CPT87,CPT/HCPCS procedure code 87,string,NY_SEDD_2018_CORE
CPT88,CPT/HCPCS procedure code 88,string,NY_SEDD_2018_CORE
CPT89,CPT/HCPCS procedure code 89,string,NY_SEDD_2018_CORE
CPT90,CPT/HCPCS procedure code 90,string,NY_SEDD_2018_CORE
CPT91,CPT/HCPCS procedure code 91,string,NY_SEDD_2018_CORE
CPT92,CPT/HCPCS procedure code 92,string,NY_SEDD_2018_CORE
CPT93,CPT/HCPCS procedure code 93,string,NY_SEDD_2018_CORE
CPT94,CPT/HCPCS procedure code 94,string,NY_SEDD_2018_CORE
CPT95,CPT/HCPCS procedure code 95,string,NY_SEDD_2018_CORE
CPT96,CPT/HCPCS procedure code 96,string,NY_SEDD_2018_CORE
CPT97,CPT/HCPCS procedure code 97,string,NY_SEDD_2018_CORE
CPT98,CPT/HCPCS procedure code 98,string,NY_SEDD_2018_CORE
CPT99,CPT/HCPCS procedure code 99,string,NY_SEDD_2018_CORE
CPT100,CPT/HCPCS procedure code 100,string,NY_SEDD_2018_CORE
CPT101,CPT/HCPCS procedure code 101,string,NY_SEDD_2018_CORE
CPT102,CPT/HCPCS procedure code 102,string,NY_SEDD_2018_CORE
CPT103,CPT/HCPCS procedure code 103,string,NY_SEDD_2018_CORE
CPT104,CPT/HCPCS procedure code 104,string,NY_SEDD_2018_CORE
CPT105,CPT/HCPCS procedure code 105,string,NY_SEDD_2018_CORE
CPT106,CPT/HCPCS procedure code 106,string,NY_SEDD_2018_CORE
CPT107,CPT/HCPCS procedure code 107,string,NY_SEDD_2018_CORE
CPT108,CPT/HCPCS procedure code 108,string,NY_SEDD_2018_CORE
CPT109,CPT/HCPCS procedure code 109,string,NY_SEDD_2018_CORE
CPT110,CPT/HCPCS procedure code 110,string,NY_SEDD_2018_CORE
CPT111,CPT/HCPCS procedure code 111,string,NY_SEDD_2018_CORE
CPT112,CPT/HCPCS procedure code 112,string,NY_SEDD_2018_CORE
CPT113,CPT/HCPCS procedure code 113,string,NY_SEDD_2018_CORE
CPT114,CPT/HCPCS procedure code 114,string,NY_SEDD_2018_CORE
CPT115,CPT/HCPCS procedure code 115,string,NY_SEDD_2018_CORE
CPT116,CPT/HCPCS procedure code 116,string,NY_SEDD_2018_CORE
CPT117,CPT/HCPCS procedure code 117,string,NY_SEDD_2018_CORE
CPT118,CPT/HCPCS procedure code 118,string,NY_SEDD_2018_CORE
CPT119,CPT/HCPCS procedure code 119,string,NY_SEDD_2018_CORE
CPT120,CPT/HCPCS procedure code 120,string,NY_SEDD_2018_CORE
CPT121,CPT/HCPCS procedure code 121,string,NY_SEDD_2018_CORE
CPT122,CPT/HCPCS procedure code 122,string,NY_SEDD_2018_CORE
CPT123,CPT/HCPCS procedure code 123,string,NY_SEDD_2018_CORE
CPT124,CPT/HCPCS procedure code 124,string,NY_SEDD_2018_CORE
CPT125,CPT/HCPCS procedure code 125,string,NY_SEDD_2018_CORE
CPT126,CPT/HCPCS procedure code 126,string,NY_SEDD_2018_CORE
CPT127,CPT/HCPCS procedure code 127,string,NY_SEDD_2018_CORE
CPT128,CPT/HCPCS procedure code 128,string,NY_SEDD_2018_CORE
CPT129,CPT/HCPCS procedure code 129,string,NY_SEDD_2018_CORE
CPT130,CPT/HCPCS procedure code 130,string,NY_SEDD_2018_CORE
CPT131,CPT/HCPCS procedure code 131,string,NY_SEDD_2018_CORE
CPT132,CPT/HCPCS procedure code 132,string,NY_SEDD_2018_CORE
CPT133,CPT/HCPCS procedure code 133,string,NY_SEDD_2018_CORE
CPT134,CPT/HCPCS procedure code 134,string,NY_SEDD_2018_CORE
CPT135,CPT/HCPCS procedure code 135,string,NY_SEDD_2018_CORE
CPT136,CPT/HCPCS procedure code 136,string,NY_SEDD_2018_CORE
CPT137,CPT/HCPCS procedure code 137,string,NY_SEDD_2018_CORE
CPT138,CPT/HCPCS procedure code 138,string,NY_SEDD_2018_CORE
CPT139,CPT/HCPCS procedure code 139,string,NY_SEDD_2018_CORE
CPT140,CPT/HCPCS procedure code 140,string,NY_SEDD_2018_CORE
CPT141,CPT/HCPCS procedure code 141,string,NY_SEDD_2018_CORE
CPT142,CPT/HCPCS procedure code 142,string,NY_SEDD_2018_CORE
CPT143,CPT/HCPCS procedure code 143,string,NY_SEDD_2018_CORE
CPT144,CPT/HCPCS procedure code 144,string,NY_SEDD_2018_CORE
CPT145,CPT/HCPCS procedure code 145,string,NY_SEDD_2018_CORE
CPT146,CPT/HCPCS procedure code 146,string,NY_SEDD_2018_CORE
CPT147,CPT/HCPCS procedure code 147,string,NY_SEDD_2018_CORE
CPT148,CPT/HCPCS procedure code 148,string,NY_SEDD_2018_CORE
CPT149,CPT/HCPCS procedure code 149,string,NY_SEDD_2018_CORE
CPT150,CPT/HCPCS procedure code 150,string,NY_SEDD_2018_CORE
CPT151,CPT/HCPCS procedure code 151,string,NY_SEDD_2018_CORE
CPT152,CPT/HCPCS procedure code 152,string,NY_SEDD_2018_CORE
CPT153,CPT/HCPCS procedure code 153,string,NY_SEDD_2018_CORE
CPT154,CPT/HCPCS procedure code 154,string,NY_SEDD_2018_CORE
CPT155,CPT/HCPCS procedure code 155,string,NY_SEDD_2018_CORE
CPT156,CPT/HCPCS procedure code 156,string,NY_SEDD_2018_CORE
CPT157,CPT/HCPCS procedure code 157,string,NY_SEDD_2018_CORE
CPT158,CPT/HCPCS procedure code 158,string,NY_SEDD_2018_CORE
CPT159,CPT/HCPCS procedure code 159,string,NY_SEDD_2018_CORE
CPT160,CPT/HCPCS procedure code 160,string,NY_SEDD_2018_CORE
CPT161,CPT/HCPCS procedure code 161,string,NY_SEDD_2018_CORE
CPT162,CPT/HCPCS procedure code 162,string,NY_SEDD_2018_CORE
CPT163,CPT/HCPCS procedure code 163,string,NY_SEDD_2018_CORE
CPT164,CPT/HCPCS procedure code 164,string,NY_SEDD_2018_CORE
CPT165,CPT/HCPCS procedure code 165,string,NY_SEDD_2018_CORE
CPT166,CPT/HCPCS procedure code 166,string,NY_SEDD_2018_CORE
CPT167,CPT/HCPCS procedure code 167,string,NY_SEDD_2018_CORE
CPT168,CPT/HCPCS procedure code 168,string,NY_SEDD_2018_CORE
CPT169,CPT/HCPCS procedure code 169,string,NY_SEDD_2018_CORE
CPT170,CPT/HCPCS procedure code 170,string,NY_SEDD_2018_CORE
CPT171,CPT/HCPCS procedure code 171,string,NY_SEDD_2018_CORE
CPT172,CPT/HCPCS procedure code 172,string,NY_SEDD_2018_CORE
CPT173,CPT/HCPCS procedure code 173,string,NY_SEDD_2018_CORE
CPT174,CPT/HCPCS procedure code 174,string,NY_SEDD_2018_CORE
CPT175,CPT/HCPCS procedure code 175,string,NY_SEDD_2018_CORE
CPT176,CPT/HCPCS procedure code 176,string,NY_SEDD_2018_CORE
CPT177,CPT/HCPCS procedure code 177,string,NY_SEDD_2018_CORE
CPT178,CPT/HCPCS procedure code 178,string,NY_SEDD_2018_CORE
CPT179,CPT/HCPCS procedure code 179,string,NY_SEDD_2018_CORE
CPT180,CPT/HCPCS procedure code 180,string,NY_SEDD_2018_CORE
CPT181,CPT/HCPCS procedure code 181,string,NY_SEDD_2018_CORE
CPT182,CPT/HCPCS procedure code 182,string,NY_SEDD_2018_CORE
CPT183,CPT/HCPCS procedure code 183,string,NY_SEDD_2018_CORE
CPT184,CPT/HCPCS procedure code 184,string,NY_SEDD_2018_CORE
CPT185,CPT/HCPCS procedure code 185,string,NY_SEDD_2018_CORE
CPT186,CPT/HCPCS procedure code 186,string,NY_SEDD_2018_CORE
CPT187,CPT/HCPCS procedure code 187,string,NY_SEDD_2018_CORE
CPT188,CPT/HCPCS procedure code 188,string,NY_SEDD_2018_CORE
CPT189,CPT/HCPCS procedure code 189,string,NY_SEDD_2018_CORE
CPT190,CPT/HCPCS procedure code 190,string,NY_SEDD_2018_CORE
CPT191,CPT/HCPCS procedure code 191,string,NY_SEDD_2018_CORE
CPT192,CPT/HCPCS procedure code 192,string,NY_SEDD_2018_CORE
CPT193,CPT/HCPCS procedure code 193,string,NY_SEDD_2018_CORE
CPT194,CPT/HCPCS procedure code 194,string,NY_SEDD_2018_CORE
CPT195,CPT/HCPCS procedure code 195,string,NY_SEDD_2018_CORE
CPT196,CPT/HCPCS procedure code 196,string,NY_SEDD_2018_CORE
CPT197,CPT/HCPCS procedure code 197,string,NY_SEDD_2018_CORE
CPT198,CPT/HCPCS procedure code 198,string,NY_SEDD_2018_CORE
CPT199,CPT/HCPCS procedure code 199,string,NY_SEDD_2018_CORE
CPT200,CPT/HCPCS procedure code 200,string,NY_SEDD_2018_CORE
CPTCCS1,CCS: CPT 1,int32,NY_SEDD_2018_CORE
CPTCCS2,CCS: CPT 2,int32,NY_SEDD_2018_CORE
CPTCCS3,CCS: CPT 3,int32,NY_SEDD_2018_CORE
CPTCCS4,CCS: CPT 4,int32,NY_SEDD_2018_CORE
CPTCCS5,CCS: CPT 5,int32,NY_SEDD_2018_CORE
CPTCCS6,CCS: CPT 6,int32,NY_SEDD_2018_CORE
CPTCCS7,CCS: CPT 7,int32,NY_SEDD_2018_CORE
CPTCCS8,CCS: CPT 8,int32,NY_SEDD_2018_CORE
CPTCCS9,CCS: CPT 9,int32,NY_SEDD_2018_CORE
CPTCCS10,CCS: CPT 10,int32,NY_SEDD_2018_CORE
CPTCCS11,CCS: CPT 11,int32,NY_SEDD_2018_CORE
CPTCCS12,CCS: CPT 12,int32,NY_SEDD_2018_CORE
CPTCCS13,CCS: CPT 13,int32,NY_SEDD_2018_CORE
CPTCCS14,CCS: CPT 14,int32,NY_SEDD_2018_CORE
CPTCCS15,CCS: CPT 15,int32,NY_SEDD_2018_CORE
CPTCCS16,CCS: CPT 16,int32,NY_SEDD_2018_CORE
CPTCCS17,CCS: CPT 17,int32,NY_SEDD_2018_CORE
CPTCCS18,CCS: CPT 18,int32,NY_SEDD_2018_CORE
CPTCCS19,CCS: CPT 19,int32,NY_SEDD_2018_CORE
CPTCCS20,CCS: CPT 20,int32,NY_SEDD_2018_CORE
CPTCCS21,CCS: CPT 21,int32,NY_SEDD_2018_CORE
CPTCCS22,CCS: CPT 22,int32,NY_SEDD_2018_CORE
CPTCCS23,CCS: CPT 23,int32,NY_SEDD_2018_CORE
CPTCCS24,CCS: CPT 24,int32,NY_SEDD_2018_CORE
CPTCCS25,CCS: CPT 25,int32,NY_SEDD_2018_CORE
CPTCCS26,CCS: CPT 26,int32,NY_SEDD_2018_CORE
CPTCCS27,CCS: CPT 27,int32,NY_SEDD_2018_CORE
CPTCCS28,CCS: CPT 28,int32,NY_SEDD_2018_CORE
CPTCCS29,CCS: CPT 29,int32,NY_SEDD_2018_CORE
CPTCCS30,CCS: CPT 30,int32,NY_SEDD_2018_CORE
CPTCCS31,CCS: CPT 31,int32,NY_SEDD_2018_CORE
CPTCCS32,CCS: CPT 32,int32,NY_SEDD_2018_CORE
CPTCCS33,CCS: CPT 33,int32,NY_SEDD_2018_CORE
CPTCCS34,CCS: CPT 34,int32,NY_SEDD_2018_CORE
CPTCCS35,CCS: CPT 35,int32,NY_SEDD_2018_CORE
CPTCCS36,CCS: CPT 36,int32,NY_SEDD_2018_CORE
CPTCCS37,CCS: CPT 37,int32,NY_SEDD_2018_CORE
CPTCCS38,CCS: CPT 38,int32,NY_SEDD_2018_CORE
CPTCCS39,CCS: CPT 39,int32,NY_SEDD_2018_CORE
CPTCCS40,CCS: CPT 40,int32,NY_SEDD_2018_CORE
CPTCCS41,CCS: CPT 41,int32,NY_SEDD_2018_CORE
CPTCCS42,CCS: CPT 42,int32,NY_SEDD_2018_CORE
CPTCCS43,CCS: CPT 43,int32,NY_SEDD_2018_CORE
CPTCCS44,CCS: CPT 44,int32,NY_SEDD_2018_CORE
CPTCCS45,CCS: CPT 45,int32,NY_SEDD_2018_CORE
CPTCCS46,CCS: CPT 46,int32,NY_SEDD_2018_CORE
CPTCCS47,CCS: CPT 47,int32,NY_SEDD_2018_CORE
CPTCCS48,CCS: CPT 48,int32,NY_SEDD_2018_CORE
CPTCCS49,CCS: CPT 49,int32,NY_SEDD_2018_CORE
CPTCCS50,CCS: CPT 50,int32,NY_SEDD_2018_CORE
CPTCCS51,CCS: CPT 51,int32,NY_SEDD_2018_CORE
CPTCCS52,CCS: CPT 52,int32,NY_SEDD_2018_CORE
CPTCCS53,CCS: CPT 53,int32,NY_SEDD_2018_CORE
CPTCCS54,CCS: CPT 54,int32,NY_SEDD_2018_CORE
CPTCCS55,CCS: CPT 55,int32,NY_SEDD_2018_CORE
CPTCCS56,CCS: CPT 56,int32,NY_SEDD_2018_CORE
CPTCCS57,CCS: CPT 57,int32,NY_SEDD_2018_CORE
CPTCCS58,CCS: CPT 58,int32,NY_SEDD_2018_CORE
CPTCCS59,CCS: CPT 59,int32,NY_SEDD_2018_CORE
CPTCCS60,CCS: CPT 60,int32,NY_SEDD_2018_CORE
CPTCCS61,CCS: CPT 61,int32,NY_SEDD_2018_CORE
CPTCCS62,CCS: CPT 62,int32,NY_SEDD_2018_CORE
CPTCCS63,CCS: CPT 63,int32,NY_SEDD_2018_CORE
CPTCCS64,CCS: CPT 64,int32,NY_SEDD_2018_CORE
CPTCCS65,CCS: CPT 65,int32,NY_SEDD_2018_CORE
CPTCCS66,CCS: CPT 66,int32,NY_SEDD_2018_CORE
CPTCCS67,CCS: CPT 67,int32,NY_SEDD_2018_CORE
CPTCCS68,CCS: CPT 68,int32,NY_SEDD_2018_CORE
CPTCCS69,CCS: CPT 69,int32,NY_SEDD_2018_CORE
CPTCCS70,CCS: CPT 70,int32,NY_SEDD_2018_CORE
CPTCCS71,CCS: CPT 71,int32,NY_SEDD_2018_CORE
CPTCCS72,CCS: CPT 72,int32,NY_SEDD_2018_CORE
CPTCCS73,CCS: CPT 73,int32,NY_SEDD_2018_CORE
CPTCCS74,CCS: CPT 74,int32,NY_SEDD_2018_CORE
CPTCCS75,CCS: CPT 75,int32,NY_SEDD_2018_CORE
CPTCCS76,CCS: CPT 76,int32,NY_SEDD_2018_CORE
CPTCCS77,CCS: CPT 77,int32,NY_SEDD_2018_CORE
CPTCCS78,CCS: CPT 78,int32,NY_SEDD_2018_CORE
CPTCCS79,CCS: CPT 79,int32,NY_SEDD_2018_CORE
CPTCCS80,CCS: CPT 80,int32,NY_SEDD_2018_CORE
CPTCCS81,CCS: CPT 81,int32,NY_SEDD_2018_CORE
CPTCCS82,CCS: CPT 82,int32,NY_SEDD_2018_CORE
CPTCCS83,CCS: CPT 83,int32,NY_SEDD_2018_CORE
CPTCCS84,CCS: CPT 84,int32,NY_SEDD_2018_CORE
CPTCCS85,CCS: CPT 85,int32,NY_SEDD_2018_CORE
CPTCCS86,CCS: CPT 86,int32,NY_SEDD_2018_CORE
CPTCCS87,CCS: CPT 87,int32,NY_SEDD_2018_CORE
CPTCCS88,CCS: CPT 88,int32,NY_SEDD_2018_CORE
CPTCCS89,CCS: CPT 89,int32,NY_SEDD_2018_CORE
CPTCCS90,CCS: CPT 90,int32,NY_SEDD_2018_CORE
CPTCCS91,CCS: CPT 91,int32,NY_SEDD_2018_CORE
CPTCCS92,CCS: CPT 92,int32,NY_SEDD_2018_CORE
CPTCCS93,CCS: CPT 93,int32,NY_SEDD_2018_CORE
CPTCCS94,CCS: CPT 94,int32,NY_SEDD_2018_CORE
CPTCCS95,CCS: CPT 95,int32,NY_SEDD_2018_CORE
CPTCCS96,CCS: CPT 96,int32,NY_SEDD_2018_CORE
CPTCCS97,CCS: CPT 97,int32,NY_SEDD_2018_CORE
CPTCCS98,CCS: CPT 98,int32,NY_SEDD_2018_CORE
CPTCCS99,CCS: CPT 99,int32,NY_SEDD_2018_CORE
CPTCCS100,CCS: CPT 100,int32,NY_SEDD_2018_CORE
CPTCCS101,CCS: CPT 101,int32,NY_SEDD_2018_CORE
CPTCCS102,CCS: CPT 102,int32,NY_SEDD_2018_CORE
CPTCCS103,CCS: CPT 103,int32,NY_SEDD_2018_CORE
CPTCCS104,CCS: CPT 104,int32,NY_SEDD_2018_CORE
CPTCCS105,CCS: CPT 105,int32,NY_SEDD_2018_CORE
CPTCCS106,CCS: CPT 106,int32,NY_SEDD_2018_CORE
CPTCCS107,CCS: CPT 107,int32,NY_SEDD_2018_CORE
CPTCCS108,CCS: CPT 108,int32,NY_SEDD_2018_CORE
CPTCCS109,CCS: CPT 109,int32,NY_SEDD_2018_CORE
CPTCCS110,CCS: CPT 110,int32,NY_SEDD_2018_CORE
CPTCCS111,CCS: CPT 111,int32,NY_SEDD_2018_CORE
CPTCCS112,CCS: CPT 112,int32,NY_SEDD_2018_CORE
CPTCCS113,CCS: CPT 113,int32,NY_SEDD_2018_CORE
CPTCCS114,CCS: CPT 114,int32,NY_SEDD_2018_CORE
CPTCCS115,CCS: CPT 115,int32,NY_SEDD_2018_CORE
CPTCCS116,CCS: CPT 116,int32,NY_SEDD_2018_CORE
CPTCCS117,CCS: CPT 117,int32,NY_SEDD_2018_CORE
CPTCCS118,CCS: CPT 118,int32,NY_SEDD_2018_CORE
CPTCCS119,CCS: CPT 119,int32,NY_SEDD_2018_CORE
CPTCCS120,CCS: CPT 120,int32,NY_SEDD_2018_CORE
CPTCCS121,CCS: CPT 121,int32,NY_SEDD_2018_CORE
CPTCCS122,CCS: CPT 122,int32,NY_SEDD_2018_CORE
CPTCCS123,CCS: CPT 123,int32,NY_SEDD_2018_CORE
CPTCCS124,CCS: CPT 124,int32,NY_SEDD_2018_CORE
CPTCCS125,CCS: CPT 125,int32,NY_SEDD_2018_CORE
CPTCCS126,CCS: CPT 126,int32,NY_SEDD_2018_CORE
CPTCCS127,CCS: CPT 127,int32,NY_SEDD_2018_CORE
CPTCCS128,CCS: CPT 128,int32,NY_SEDD_2018_CORE
CPTCCS129,CCS: CPT 129,int32,NY_SEDD_2018_CORE
CPTCCS130,CCS: CPT 130,int32,NY_SEDD_2018_CORE
CPTCCS131,CCS: CPT 131,int32,NY_SEDD_2018_CORE
CPTCCS132,CCS: CPT 132,int32,NY_SEDD_2018_CORE
CPTCCS133,CCS: CPT 133,int32,NY_SEDD_2018_CORE
CPTCCS134,CCS: CPT 134,int32,NY_SEDD_2018_CORE
CPTCCS135,CCS: CPT 135,int32,NY_SEDD_2018_CORE
CPTCCS136,CCS: CPT 136,int32,NY_SEDD_2018_CORE
CPTCCS137,CCS: CPT 137,int32,NY_SEDD_2018_CORE
CPTCCS138,CCS: CPT 138,int32,NY_SEDD_2018_CORE
CPTCCS139,CCS: CPT 139,int32,NY_SEDD_2018_CORE
CPTCCS140,CCS: CPT 140,int32,NY_SEDD_2018_CORE
CPTCCS141,CCS: CPT 141,int32,NY_SEDD_2018_CORE
CPTCCS142,CCS: CPT 142,int32,NY_SEDD_2018_CORE
CPTCCS143,CCS: CPT 143,int32,NY_SEDD_2018_CORE
CPTCCS144,CCS: CPT 144,int32,NY_SEDD_2018_CORE
CPTCCS145,CCS: CPT 145,int32,NY_SEDD_2018_CORE
CPTCCS146,CCS: CPT 146,int32,NY_SEDD_2018_CORE
CPTCCS147,CCS: CPT 147,int32,NY_SEDD_2018_CORE
CPTCCS148,CCS: CPT 148,int32,NY_SEDD_2018_CORE
CPTCCS149,CCS: CPT 149,int32,NY_SEDD_2018_CORE
CPTCCS150,CCS: CPT 150,int32,NY_SEDD_2018_CORE
CPTCCS151,CCS: CPT 151,int32,NY_SEDD_2018_CORE
CPTCCS152,CCS: CPT 152,int32,NY_SEDD_2018_CORE
CPTCCS153,CCS: CPT 153,int32,NY_SEDD_2018_CORE
CPTCCS154,CCS: CPT 154,int32,NY_SEDD_2018_CORE
CPTCCS155,CCS: CPT 155,int32,NY_SEDD_2018_CORE
CPTCCS156,CCS: CPT 156,int32,NY_SEDD_2018_CORE
CPTCCS157,CCS: CPT 157,int32,NY_SEDD_2018_CORE
CPTCCS158,CCS: CPT 158,int32,NY_SEDD_2018_CORE
CPTCCS159,CCS: CPT 159,int32,NY_SEDD_2018_CORE
CPTCCS160,CCS: CPT 160,int32,NY_SEDD_2018_CORE
CPTCCS161,CCS: CPT 161,int32,NY_SEDD_2018_CORE
CPTCCS162,CCS: CPT 162,int32,NY_SEDD_2018_CORE
CPTCCS163,CCS: CPT 163,int32,NY_SEDD_2018_CORE
CPTCCS164,CCS: CPT 164,int32,NY_SEDD_2018_CORE
CPTCCS165,CCS: CPT 165,int32,NY_SEDD_2018_CORE
CPTCCS166,CCS: CPT 166,int32,NY_SEDD_2018_CORE
CPTCCS167,CCS: CPT 167,int32,NY_SEDD_2018_CORE
CPTCCS168,CCS: CPT 168,int32,NY_SEDD_2018_CORE
CPTCCS169,CCS: CPT 169,int32,NY_SEDD_2018_CORE
CPTCCS170,CCS: CPT 170,int32,NY_SEDD_2018_CORE
CPTCCS171,CCS: CPT 171,int32,NY_SEDD_2018_CORE
CPTCCS172,CCS: CPT 172,int32,NY_SEDD_2018_CORE
CPTCCS173,CCS: CPT 173,int32,NY_SEDD_2018_CORE
CPTCCS174,CCS: CPT 174,int32,NY_SEDD_2018_CORE
CPTCCS175,CCS: CPT 175,int32,NY_SEDD_2018_CORE
CPTCCS176,CCS: CPT 176,int32,NY_SEDD_2018_CORE
CPTCCS177,CCS: CPT 177,int32,NY_SEDD_2018_CORE
CPTCCS178,CCS: CPT 178,int32,NY_SEDD_2018_CORE
CPTCCS179,CCS: CPT 179,int32,NY_SEDD_2018_CORE
CPTCCS180,CCS: CPT 180,int32,NY_SEDD_2018_CORE
CPTCCS181,CCS: CPT 181,int32,NY_SEDD_2018_CORE
CPTCCS182,CCS: CPT 182,int32,NY_SEDD_2018_CORE
CPTCCS183,CCS: CPT 183,int32,NY_SEDD_2018_CORE
CPTCCS184,CCS: CPT 184,int32,NY_SEDD_2018_CORE
CPTCCS185,CCS: CPT 185,int32,NY_SEDD_2018_CORE
CPTCCS186,CCS: CPT 186,int32,NY_SEDD_2018_CORE
CPTCCS187,CCS: CPT 187,int32,NY_SEDD_2018_CORE
CPTCCS188,CCS: CPT 188,int32,NY_SEDD_2018_CORE
CPTCCS189,CCS: CPT 189,int32,NY_SEDD_2018_CORE
CPTCCS190,CCS: CPT 190,int32,NY_SEDD_2018_CORE
CPTCCS191,CCS: CPT 191,int32,NY_SEDD_2018_CORE
CPTCCS192,CCS: CPT 192,int32,NY_SEDD_2018_CORE
CPTCCS193,CCS: CPT 193,int32,NY_SEDD_2018_CORE
CPTCCS194,CCS: CPT 194,int32,NY_SEDD_2018_CORE
CPTCCS195,CCS: CPT 195,int32,NY_SEDD_2018_CORE
CPTCCS196,CCS: CPT 196,int32,NY_SEDD_2018_CORE
CPTCCS197,CCS: CPT 197,int32,NY_SEDD_2018_CORE
CPTCCS198,CCS: CPT 198,int32,NY_SEDD_2018_CORE
CPTCCS199,CCS: CPT 199,int32,NY_SEDD_2018_CORE
CPTCCS200,CCS: CPT 200,int32,NY_SEDD_2018_CORE
CPTDAY1,Number of days from admission to CPT1,int32,NY_SEDD_2018_CORE
CPTDAY2,Number of days from admission to CPT2,int32,NY_SEDD_2018_CORE
CPTDAY3,Number of days from admission to CPT3,int32,NY_SEDD_2018_CORE
CPTDAY4,Number of days from admission to CPT4,int32,NY_SEDD_2018_CORE
CPTDAY5,Number of days from admission to CPT5,int32,NY_SEDD_2018_CORE
CPTDAY6,Number of days from admission to CPT6,int32,NY_SEDD_2018_CORE
CPTDAY7,Number of days from admission to CPT7,int32,NY_SEDD_2018_CORE
CPTDAY8,Number of days from admission to CPT8,int32,NY_SEDD_2018_CORE
CPTDAY9,Number of days from admission to CPT9,int32,NY_SEDD_2018_CORE
CPTDAY10,Number of days from admission to CPT10,int32,NY_SEDD_2018_CORE
CPTDAY11,Number of days from admission to CPT11,int32,NY_SEDD_2018_CORE
CPTDAY12,Number of days from admission to CPT12,int32,NY_SEDD_2018_CORE
CPTDAY13,Number of days from admission to CPT13,int32,NY_SEDD_2018_CORE
CPTDAY14,Number of days from admission to CPT14,int32,NY_SEDD_2018_CORE
CPTDAY15,Number of days from admission to CPT15,int32,NY_SEDD_2018_CORE
CPTDAY16,Number of days from admission to CPT16,int32,NY_SEDD_2018_CORE
CPTDAY17,Number of days from admission to CPT17,int32,NY_SEDD_2018_CORE
CPTDAY18,Number of days from admission to CPT18,int32,NY_SEDD_2018_CORE
CPTDAY19,Number of days from admission to CPT19,int32,NY_SEDD_2018_CORE
CPTDAY20,Number of days from admission to CPT20,int32,NY_SEDD_2018_CORE
CPTDAY21,Number of days from admission to CPT21,int32,NY_SEDD_2018_CORE
CPTDAY22,Number of days from admission to CPT22,int32,NY_SEDD_2018_CORE
CPTDAY23,Number of days from admission to CPT23,int32,NY_SEDD_2018_CORE
CPTDAY24,Number of days from admission to CPT24,int32,NY_SEDD_2018_CORE
CPTDAY25,Number of days from admission to CPT25,int32,NY_SEDD_2018_CORE
CPTDAY26,Number of days from admission to CPT26,int32,NY_SEDD_2018_CORE
CPTDAY27,Number of days from admission to CPT27,int32,NY_SEDD_2018_CORE
CPTDAY28,Number of days from admission to CPT28,int32,NY_SEDD_2018_CORE
CPTDAY29,Number of days from admission to CPT29,int32,NY_SEDD_2018_CORE
CPTDAY30,Number of days from admission to CPT30,int32,NY_SEDD_2018_CORE
CPTDAY31,Number of days from admission to CPT31,int32,NY_SEDD_2018_CORE
CPTDAY32,Number of days from admission to CPT32,int32,NY_SEDD_2018_CORE
CPTDAY33,Number of days from admission to CPT33,int32,NY_SEDD_2018_CORE
CPTDAY34,Number of days from admission to CPT34,int32,NY_SEDD_2018_CORE
CPTDAY35,Number of days from admission to CPT35,int32,NY_SEDD_2018_CORE
CPTDAY36,Number of days from admission to CPT36,int32,NY_SEDD_2018_CORE
CPTDAY37,Number of days from admission to CPT37,int32,NY_SEDD_2018_CORE
CPTDAY38,Number of days from admission to CPT38,int32,NY_SEDD_2018_CORE
CPTDAY39,Number of days from admission to CPT39,int32,NY_SEDD_2018_CORE
CPTDAY40,Number of days from admission to CPT40,int32,NY_SEDD_2018_CORE
CPTDAY41,Number of days from admission to CPT41,int32,NY_SEDD_2018_CORE
CPTDAY42,Number of days from admission to CPT42,int32,NY_SEDD_2018_CORE
CPTDAY43,Number of days from admission to CPT43,int32,NY_SEDD_2018_CORE
CPTDAY44,Number of days from admission to CPT44,int32,NY_SEDD_2018_CORE
CPTDAY45,Number of days from admission to CPT45,int32,NY_SEDD_2018_CORE
CPTDAY46,Number of days from admission to CPT46,int32,NY_SEDD_2018_CORE
CPTDAY47,Number of days from admission to CPT47,int32,NY_SEDD_2018_CORE
CPTDAY48,Number of days from admission to CPT48,int32,NY_SEDD_2018_CORE
CPTDAY49,Number of days from admission to CPT49,int32,NY_SEDD_2018_CORE
CPTDAY50,Number of days from admission to CPT50,int32,NY_SEDD_2018_CORE
CPTDAY51,Number of days from admission to CPT51,int32,NY_SEDD_2018_CORE
CPTDAY52,Number of days from admission to CPT52,int32,NY_SEDD_2018_CORE
CPTDAY53,Number of days from admission to CPT53,int32,NY_SEDD_2018_CORE
CPTDAY54,Number of days from admission to CPT54,int32,NY_SEDD_2018_CORE
CPTDAY55,Number of days from admission to CPT55,int32,NY_SEDD_2018_CORE
CPTDAY56,Number of days from admission to CPT56,int32,NY_SEDD_2018_CORE
CPTDAY57,Number of days from admission to CPT57,int32,NY_SEDD_2018_CORE
CPTDAY58,Number of days from admission to CPT58,int32,NY_SEDD_2018_CORE
CPTDAY59,Number of days from admission to CPT59,int32,NY_SEDD_2018_CORE
CPTDAY60,Number of days from admission to CPT60,int32,NY_SEDD_2018_CORE
CPTDAY61,Number of days from admission to CPT61,int32,NY_SEDD_2018_CORE
CPTDAY62,Number of days from admission to CPT62,int32,NY_SEDD_2018_CORE
CPTDAY63,Number of days from admission to CPT63,int32,NY_SEDD_2018_CORE
CPTDAY64,Number of days from admission to CPT64,int32,NY_SEDD_2018_CORE
CPTDAY65,Number of days from admission to CPT65,int32,NY_SEDD_2018_CORE
CPTDAY66,Number of days from admission to CPT66,int32,NY_SEDD_2018_CORE
CPTDAY67,Number of days from admission to CPT67,int32,NY_SEDD_2018_CORE
CPTDAY68,Number of days from admission to CPT68,int32,NY_SEDD_2018_CORE
CPTDAY69,Number of days from admission to CPT69,int32,NY_SEDD_2018_CORE
CPTDAY70,Number of days from admission to CPT70,int32,NY_SEDD_2018_CORE
CPTDAY71,Number of days from admission to CPT71,int32,NY_SEDD_2018_CORE
CPTDAY72,Number of days from admission to CPT72,int32,NY_SEDD_2018_CORE
CPTDAY73,Number of days from admission to CPT73,int32,NY_SEDD_2018_CORE
CPTDAY74,Number of days from admission to CPT74,int32,NY_SEDD_2018_CORE
CPTDAY75,Number of days from admission to CPT75,int32,NY_SEDD_2018_CORE
CPTDAY76,Number of days from admission to CPT76,int32,NY_SEDD_2018_CORE
CPTDAY77,Number of days from admission to CPT77,int32,NY_SEDD_2018_CORE
CPTDAY78,Number of days from admission to CPT78,int32,NY_SEDD_2018_CORE
CPTDAY79,Number of days from admission to CPT79,int32,NY_SEDD_2018_CORE
CPTDAY80,Number of days from admission to CPT80,int32,NY_SEDD_2018_CORE
CPTDAY81,Number of days from admission to CPT81,int32,NY_SEDD_2018_CORE
CPTDAY82,Number of days from admission to CPT82,int32,NY_SEDD_2018_CORE
CPTDAY83,Number of days from admission to CPT83,int32,NY_SEDD_2018_CORE
CPTDAY84,Number of days from admission to CPT84,int32,NY_SEDD_2018_CORE
CPTDAY85,Number of days from admission to CPT85,int32,NY_SEDD_2018_CORE
CPTDAY86,Number of days from admission to CPT86,int32,NY_SEDD_2018_CORE
CPTDAY87,Number of days from admission to CPT87,int32,NY_SEDD_2018_CORE
CPTDAY88,Number of days from admission to CPT88,int32,NY_SEDD_2018_CORE
CPTDAY89,Number of days from admission to CPT89,int32,NY_SEDD_2018_CORE
CPTDAY90,Number of days from admission to CPT90,int32,NY_SEDD_2018_CORE
CPTDAY91,Number of days from admission to CPT91,int32,NY_SEDD_2018_CORE
CPTDAY92,Number of days from admission to CPT92,int32,NY_SEDD_2018_CORE
CPTDAY93,Number of days from admission to CPT93,int32,NY_SEDD_2018_CORE
CPTDAY94,Number of days from admission to CPT94,int32,NY_SEDD_2018_CORE
CPTDAY95,Number of days from admission to CPT95,int32,NY_SEDD_2018_CORE
CPTDAY96,Number of days from admission to CPT96,int32,NY_SEDD_2018_CORE
CPTDAY97,Number of days from admission to CPT97,int32,NY_SEDD_2018_CORE
CPTDAY98,Number of days from admission to CPT98,int32,NY_SEDD_2018_CORE
CPTDAY99,Number of days from admission to CPT99,int32,NY_SEDD_2018_CORE
CPTDAY100,Number of days from admission to CPT100,int32,NY_SEDD_2018_CORE
CPTDAY101,Number of days from admission to CPT101,int32,NY_SEDD_2018_CORE
CPTDAY102,Number of days from admission to CPT102,int32,NY_SEDD_2018_CORE
CPTDAY103,Number of days from admission to CPT103,int32,NY_SEDD_2018_CORE
CPTDAY104,Number of days from admission to CPT104,int32,NY_SEDD_2018_CORE
CPTDAY105,Number of days from admission to CPT105,int32,NY_SEDD_2018_CORE
CPTDAY106,Number of days from admission to CPT106,int32,NY_SEDD_2018_CORE
CPTDAY107,Number of days from admission to CPT107,int32,NY_SEDD_2018_CORE
CPTDAY108,Number of days from admission to CPT108,int32,NY_SEDD_2018_CORE
CPTDAY109,Number of days from admission to CPT109,int32,NY_SEDD_2018_CORE
CPTDAY110,Number of days from admission to CPT110,int32,NY_SEDD_2018_CORE
CPTDAY111,Number of days from admission to CPT111,int32,NY_SEDD_2018_CORE
CPTDAY112,Number of days from admission to CPT112,int32,NY_SEDD_2018_CORE
CPTDAY113,Number of days from admission to CPT113,int32,NY_SEDD_2018_CORE
CPTDAY114,Number of days from admission to CPT114,int32,NY_SEDD_2018_CORE
CPTDAY115,Number of days from admission to CPT115,int32,NY_SEDD_2018_CORE
CPTDAY116,Number of days from admission to CPT116,int32,NY_SEDD_2018_CORE
CPTDAY117,Number of days from admission to CPT117,int32,NY_SEDD_2018_CORE
CPTDAY118,Number of days from admission to CPT118,int32,NY_SEDD_2018_CORE
CPTDAY119,Number of days from admission to CPT119,int32,NY_SEDD_2018_CORE
CPTDAY120,Number of days from admission to CPT120,int32,NY_SEDD_2018_CORE
CPTDAY121,Number of days from admission to CPT121,int32,NY_SEDD_2018_CORE
CPTDAY122,Number of days from admission to CPT122,int32,NY_SEDD_2018_CORE
CPTDAY123,Number of days from admission to CPT123,int32,NY_SEDD_2018_CORE
CPTDAY124,Number of days from admission to CPT124,int32,NY_SEDD_2018_CORE
CPTDAY125,Number of days from admission to CPT125,int32,NY_SEDD_2018_CORE
CPTDAY126,Number of days from admission to CPT126,int32,NY_SEDD_2018_CORE
CPTDAY127,Number of days from admission to CPT127,int32,NY_SEDD_2018_CORE
CPTDAY128,Number of days from admission to CPT128,int32,NY_SEDD_2018_CORE
CPTDAY129,Number of days from admission to CPT129,int32,NY_SEDD_2018_CORE
CPTDAY130,Number of days from admission to CPT130,int32,NY_SEDD_2018_CORE
CPTDAY131,Number of days from admission to CPT131,int32,NY_SEDD_2018_CORE
CPTDAY132,Number of days from admission to CPT132,int32,NY_SEDD_2018_CORE
CPTDAY133,Number of days from admission to CPT133,int32,NY_SEDD_2018_CORE
CPTDAY134,Number of days from admission to CPT134,int32,NY_SEDD_2018_CORE
CPTDAY135,Number of days from admission to CPT135,int32,NY_SEDD_2018_CORE
CPTDAY136,Number of days from admission to CPT136,int32,NY_SEDD_2018_CORE
CPTDAY137,Number of days from admission to CPT137,int32,NY_SEDD_2018_CORE
CPTDAY138,Number of days from admission to CPT138,int32,NY_SEDD_2018_CORE
CPTDAY139,Number of days from admission to CPT139,int32,NY_SEDD_2018_CORE
CPTDAY140,Number of days from admission to CPT140,int32,NY_SEDD_2018_CORE
CPTDAY141,Number of days from admission to CPT141,int32,NY_SEDD_2018_CORE
CPTDAY142,Number of days from admission to CPT142,int32,NY_SEDD_2018_CORE
CPTDAY143,Number of days from admission to CPT143,int32,NY_SEDD_2018_CORE
CPTDAY144,Number of days from admission to CPT144,int32,NY_SEDD_2018_CORE
CPTDAY145,Number of days from admission to CPT145,int32,NY_SEDD_2018_CORE
CPTDAY146,Number of days from admission to CPT146,int32,NY_SEDD_2018_CORE
CPTDAY147,Number of days from admission to CPT147,int32,NY_SEDD_2018_CORE
CPTDAY148,Number of days from admission to CPT148,int32,NY_SEDD_2018_CORE
CPTDAY149,Number of days from admission to CPT149,int32,NY_SEDD_2018_CORE
CPTDAY150,Number of days from admission to CPT150,int32,NY_SEDD_2018_CORE
CPTDAY151,Number of days from admission to CPT151,int32,NY_SEDD_2018_CORE
CPTDAY152,Number of days from admission to CPT152,int32,NY_SEDD_2018_CORE
CPTDAY153,Number of days from admission to CPT153,int32,NY_SEDD_2018_CORE
CPTDAY154,Number of days from admission to CPT154,int32,NY_SEDD_2018_CORE
CPTDAY155,Number of days from admission to CPT155,int32,NY_SEDD_2018_CORE
CPTDAY156,Number of days from admission to CPT156,int32,NY_SEDD_2018_CORE
CPTDAY157,Number of days from admission to CPT157,int32,NY_SEDD_2018_CORE
CPTDAY158,Number of days from admission to CPT158,int32,NY_SEDD_2018_CORE
CPTDAY159,Number of days from admission to CPT159,int32,NY_SEDD_2018_CORE
CPTDAY160,Number of days from admission to CPT160,int32,NY_SEDD_2018_CORE
CPTDAY161,Number of days from admission to CPT161,int32,NY_SEDD_2018_CORE
CPTDAY162,Number of days from admission to CPT162,int32,NY_SEDD_2018_CORE
CPTDAY163,Number of days from admission to CPT163,int32,NY_SEDD_2018_CORE
CPTDAY164,Number of days from admission to CPT164,int32,NY_SEDD_2018_CORE
CPTDAY165,Number of days from admission to CPT165,int32,NY_SEDD_2018_CORE
CPTDAY166,Number of days from admission to CPT166,int32,NY_SEDD_2018_CORE
CPTDAY167,Number of days from admission to CPT167,int32,NY_SEDD_2018_CORE
CPTDAY168,Number of days from admission to CPT168,int32,NY_SEDD_2018_CORE
CPTDAY169,Number of days from admission to CPT169,int32,NY_SEDD_2018_CORE
CPTDAY170,Number of days from admission to CPT170,int32,NY_SEDD_2018_CORE
CPTDAY171,Number of days from admission to CPT171,int32,NY_SEDD_2018_CORE
CPTDAY172,Number of days from admission to CPT172,int32,NY_SEDD_2018_CORE
CPTDAY173,Number of days from admission to CPT173,int32,NY_SEDD_2018_CORE
CPTDAY174,Number of days from admission to CPT174,int32,NY_SEDD_2018_CORE
CPTDAY175,Number of days from admission to CPT175,int32,NY_SEDD_2018_CORE
CPTDAY176,Number of days from admission to CPT176,int32,NY_SEDD_2018_CORE
CPTDAY177,Number of days from admission to CPT177,int32,NY_SEDD_2018_CORE
CPTDAY178,Number of days from admission to CPT178,int32,NY_SEDD_2018_CORE
CPTDAY179,Number of days from admission to CPT179,int32,NY_SEDD_2018_CORE
CPTDAY180,Number of days from admission to CPT180,int32,NY_SEDD_2018_CORE
CPTDAY181,Number of days from admission to CPT181,int32,NY_SEDD_2018_CORE
CPTDAY182,Number of days from admission to CPT182,int32,NY_SEDD_2018_CORE
CPTDAY183,Number of days from admission to CPT183,int32,NY_SEDD_2018_CORE
CPTDAY184,Number of days from admission to CPT184,int32,NY_SEDD_2018_CORE
CPTDAY185,Number of days from admission to CPT185,int32,NY_SEDD_2018_CORE
CPTDAY186,Number of days from admission to CPT186,int32,NY_SEDD_2018_CORE
CPTDAY187,Number of days from admission to CPT187,int32,NY_SEDD_2018_CORE
CPTDAY188,Number of days from admission to CPT188,int32,NY_SEDD_2018_CORE
CPTDAY189,Number of days from admission to CPT189,int32,NY_SEDD_2018_CORE
CPTDAY190,Number of days from admission to CPT190,int32,NY_SEDD_2018_CORE
CPTDAY191,Number of days from admission to CPT191,int32,NY_SEDD_2018_CORE
CPTDAY192,Number of days from admission to CPT192,int32,NY_SEDD_2018_CORE
CPTDAY193,Number of days from admission to CPT193,int32,NY_SEDD_2018_CORE
CPTDAY194,Number of days from admission to CPT194,int32,NY_SEDD_2018_CORE
CPTDAY195,Number of days from admission to CPT195,int32,NY_SEDD_2018_CORE
CPTDAY196,Number of days from admission to CPT196,int32,NY_SEDD_2018_CORE
CPTDAY197,Number of days from admission to CPT197,int32,NY_SEDD_2018_CORE
CPTDAY198,Number of days from admission to CPT198,int32,NY_SEDD_2018_CORE
CPTDAY199,Number of days from admission to CPT199,int32,NY_SEDD_2018_CORE
CPTDAY200,Number of days from admission to CPT200,int32,NY_SEDD_2018_CORE
CPTM1_1,First CPT-4/HCPCS modifier 1,string,NY_SEDD_2018_CORE
CPTM1_2,First CPT-4/HCPCS modifier 2,string,NY_SEDD_2018_CORE
CPTM1_3,First CPT-4/HCPCS modifier 3,string,NY_SEDD_2018_CORE
CPTM1_4,First CPT-4/HCPCS modifier 4,string,NY_SEDD_2018_CORE
CPTM1_5,First CPT-4/HCPCS modifier 5,string,NY_SEDD_2018_CORE
CPTM1_6,First CPT-4/HCPCS modifier 6,string,NY_SEDD_2018_CORE
CPTM1_7,First CPT-4/HCPCS modifier 7,string,NY_SEDD_2018_CORE
CPTM1_8,First CPT-4/HCPCS modifier 8,string,NY_SEDD_2018_CORE
CPTM1_9,First CPT-4/HCPCS modifier 9,string,NY_SEDD_2018_CORE
CPTM1_10,First CPT-4/HCPCS modifier 10,string,NY_SEDD_2018_CORE
CPTM1_11,First CPT-4/HCPCS modifier 11,string,NY_SEDD_2018_CORE
CPTM1_12,First CPT-4/HCPCS modifier 12,string,NY_SEDD_2018_CORE
CPTM1_13,First CPT-4/HCPCS modifier 13,string,NY_SEDD_2018_CORE
CPTM1_14,First CPT-4/HCPCS modifier 14,string,NY_SEDD_2018_CORE
CPTM1_15,First CPT-4/HCPCS modifier 15,string,NY_SEDD_2018_CORE
CPTM1_16,First CPT-4/HCPCS modifier 16,string,NY_SEDD_2018_CORE
CPTM1_17,First CPT-4/HCPCS modifier 17,string,NY_SEDD_2018_CORE
CPTM1_18,First CPT-4/HCPCS modifier 18,string,NY_SEDD_2018_CORE
CPTM1_19,First CPT-4/HCPCS modifier 19,string,NY_SEDD_2018_CORE
CPTM1_20,First CPT-4/HCPCS modifier 20,string,NY_SEDD_2018_CORE
CPTM1_21,First CPT-4/HCPCS modifier 21,string,NY_SEDD_2018_CORE
CPTM1_22,First CPT-4/HCPCS modifier 22,string,NY_SEDD_2018_CORE
CPTM1_23,First CPT-4/HCPCS modifier 23,string,NY_SEDD_2018_CORE
CPTM1_24,First CPT-4/HCPCS modifier 24,string,NY_SEDD_2018_CORE
CPTM1_25,First CPT-4/HCPCS modifier 25,string,NY_SEDD_2018_CORE
CPTM1_26,First CPT-4/HCPCS modifier 26,string,NY_SEDD_2018_CORE
CPTM1_27,First CPT-4/HCPCS modifier 27,string,NY_SEDD_2018_CORE
CPTM1_28,First CPT-4/HCPCS modifier 28,string,NY_SEDD_2018_CORE
CPTM1_29,First CPT-4/HCPCS modifier 29,string,NY_SEDD_2018_CORE
CPTM1_30,First CPT-4/HCPCS modifier 30,string,NY_SEDD_2018_CORE
CPTM1_31,First CPT-4/HCPCS modifier 31,string,NY_SEDD_2018_CORE
CPTM1_32,First CPT-4/HCPCS modifier 32,string,NY_SEDD_2018_CORE
CPTM1_33,First CPT-4/HCPCS modifier 33,string,NY_SEDD_2018_CORE
CPTM1_34,First CPT-4/HCPCS modifier 34,string,NY_SEDD_2018_CORE
CPTM1_35,First CPT-4/HCPCS modifier 35,string,NY_SEDD_2018_CORE
CPTM1_36,First CPT-4/HCPCS modifier 36,string,NY_SEDD_2018_CORE
CPTM1_37,First CPT-4/HCPCS modifier 37,string,NY_SEDD_2018_CORE
CPTM1_38,First CPT-4/HCPCS modifier 38,string,NY_SEDD_2018_CORE
CPTM1_39,First CPT-4/HCPCS modifier 39,string,NY_SEDD_2018_CORE
CPTM1_40,First CPT-4/HCPCS modifier 40,string,NY_SEDD_2018_CORE
CPTM1_41,First CPT-4/HCPCS modifier 41,string,NY_SEDD_2018_CORE
CPTM1_42,First CPT-4/HCPCS modifier 42,string,NY_SEDD_2018_CORE
CPTM1_43,First CPT-4/HCPCS modifier 43,string,NY_SEDD_2018_CORE
CPTM1_44,First CPT-4/HCPCS modifier 44,string,NY_SEDD_2018_CORE
CPTM1_45,First CPT-4/HCPCS modifier 45,string,NY_SEDD_2018_CORE
CPTM1_46,First CPT-4/HCPCS modifier 46,string,NY_SEDD_2018_CORE
CPTM1_47,First CPT-4/HCPCS modifier 47,string,NY_SEDD_2018_CORE
CPTM1_48,First CPT-4/HCPCS modifier 48,string,NY_SEDD_2018_CORE
CPTM1_49,First CPT-4/HCPCS modifier 49,string,NY_SEDD_2018_CORE
CPTM1_50,First CPT-4/HCPCS modifier 50,string,NY_SEDD_2018_CORE
CPTM1_51,First CPT-4/HCPCS modifier 51,string,NY_SEDD_2018_CORE
CPTM1_52,First CPT-4/HCPCS modifier 52,string,NY_SEDD_2018_CORE
CPTM1_53,First CPT-4/HCPCS modifier 53,string,NY_SEDD_2018_CORE
CPTM1_54,First CPT-4/HCPCS modifier 54,string,NY_SEDD_2018_CORE
CPTM1_55,First CPT-4/HCPCS modifier 55,string,NY_SEDD_2018_CORE
CPTM1_56,First CPT-4/HCPCS modifier 56,string,NY_SEDD_2018_CORE
CPTM1_57,First CPT-4/HCPCS modifier 57,string,NY_SEDD_2018_CORE
CPTM1_58,First CPT-4/HCPCS modifier 58,string,NY_SEDD_2018_CORE
CPTM1_59,First CPT-4/HCPCS modifier 59,string,NY_SEDD_2018_CORE
CPTM1_60,First CPT-4/HCPCS modifier 60,string,NY_SEDD_2018_CORE
CPTM1_61,First CPT-4/HCPCS modifier 61,string,NY_SEDD_2018_CORE
CPTM1_62,First CPT-4/HCPCS modifier 62,string,NY_SEDD_2018_CORE
CPTM1_63,First CPT-4/HCPCS modifier 63,string,NY_SEDD_2018_CORE
CPTM1_64,First CPT-4/HCPCS modifier 64,string,NY_SEDD_2018_CORE
CPTM1_65,First CPT-4/HCPCS modifier 65,string,NY_SEDD_2018_CORE
CPTM1_66,First CPT-4/HCPCS modifier 66,string,NY_SEDD_2018_CORE
CPTM1_67,First CPT-4/HCPCS modifier 67,string,NY_SEDD_2018_CORE
CPTM1_68,First CPT-4/HCPCS modifier 68,string,NY_SEDD_2018_CORE
CPTM1_69,First CPT-4/HCPCS modifier 69,string,NY_SEDD_2018_CORE
CPTM1_70,First CPT-4/HCPCS modifier 70,string,NY_SEDD_2018_CORE
CPTM1_71,First CPT-4/HCPCS modifier 71,string,NY_SEDD_2018_CORE
CPTM1_72,First CPT-4/HCPCS modifier 72,string,NY_SEDD_2018_CORE
CPTM1_73,First CPT-4/HCPCS modifier 73,string,NY_SEDD_2018_CORE
CPTM1_74,First CPT-4/HCPCS modifier 74,string,NY_SEDD_2018_CORE
CPTM1_75,First CPT-4/HCPCS modifier 75,string,NY_SEDD_2018_CORE
CPTM1_76,First CPT-4/HCPCS modifier 76,string,NY_SEDD_2018_CORE
CPTM1_77,First CPT-4/HCPCS modifier 77,string,NY_SEDD_2018_CORE
CPTM1_78,First CPT-4/HCPCS modifier 78,string,NY_SEDD_2018_CORE
CPTM1_79,First CPT-4/HCPCS modifier 79,string,NY_SEDD_2018_CORE
CPTM1_80,First CPT-4/HCPCS modifier 80,string,NY_SEDD_2018_CORE
CPTM1_81,First CPT-4/HCPCS modifier 81,string,NY_SEDD_2018_CORE
CPTM1_82,First CPT-4/HCPCS modifier 82,string,NY_SEDD_2018_CORE
CPTM1_83,First CPT-4/HCPCS modifier 83,string,NY_SEDD_2018_CORE
CPTM1_84,First CPT-4/HCPCS modifier 84,string,NY_SEDD_2018_CORE
CPTM1_85,First CPT-4/HCPCS modifier 85,string,NY_SEDD_2018_CORE
CPTM1_86,First CPT-4/HCPCS modifier 86,string,NY_SEDD_2018_CORE
CPTM1_87,First CPT-4/HCPCS modifier 87,string,NY_SEDD_2018_CORE
CPTM1_88,First CPT-4/HCPCS modifier 88,string,NY_SEDD_2018_CORE
CPTM1_89,First CPT-4/HCPCS modifier 89,string,NY_SEDD_2018_CORE
CPTM1_90,First CPT-4/HCPCS modifier 90,string,NY_SEDD_2018_CORE
CPTM1_91,First CPT-4/HCPCS modifier 91,string,NY_SEDD_2018_CORE
CPTM1_92,First CPT-4/HCPCS modifier 92,string,NY_SEDD_2018_CORE
CPTM1_93,First CPT-4/HCPCS modifier 93,string,NY_SEDD_2018_CORE
CPTM1_94,First CPT-4/HCPCS modifier 94,string,NY_SEDD_2018_CORE
CPTM1_95,First CPT-4/HCPCS modifier 95,string,NY_SEDD_2018_CORE
CPTM1_96,First CPT-4/HCPCS modifier 96,string,NY_SEDD_2018_CORE
CPTM1_97,First CPT-4/HCPCS modifier 97,string,NY_SEDD_2018_CORE
CPTM1_98,First CPT-4/HCPCS modifier 98,string,NY_SEDD_2018_CORE
CPTM1_99,First CPT-4/HCPCS modifier 99,string,NY_SEDD_2018_CORE
CPTM1_100,First CPT-4/HCPCS modifier 100,string,NY_SEDD_2018_CORE
CPTM1_101,First CPT-4/HCPCS modifier 101,string,NY_SEDD_2018_CORE
CPTM1_102,First CPT-4/HCPCS modifier 102,string,NY_SEDD_2018_CORE
CPTM1_103,First CPT-4/HCPCS modifier 103,string,NY_SEDD_2018_CORE
CPTM1_104,First CPT-4/HCPCS modifier 104,string,NY_SEDD_2018_CORE
CPTM1_105,First CPT-4/HCPCS modifier 105,string,NY_SEDD_2018_CORE
CPTM1_106,First CPT-4/HCPCS modifier 106,string,NY_SEDD_2018_CORE
CPTM1_107,First CPT-4/HCPCS modifier 107,string,NY_SEDD_2018_CORE
CPTM1_108,First CPT-4/HCPCS modifier 108,string,NY_SEDD_2018_CORE
CPTM1_109,First CPT-4/HCPCS modifier 109,string,NY_SEDD_2018_CORE
CPTM1_110,First CPT-4/HCPCS modifier 110,string,NY_SEDD_2018_CORE
CPTM1_111,First CPT-4/HCPCS modifier 111,string,NY_SEDD_2018_CORE
CPTM1_112,First CPT-4/HCPCS modifier 112,string,NY_SEDD_2018_CORE
CPTM1_113,First CPT-4/HCPCS modifier 113,string,NY_SEDD_2018_CORE
CPTM1_114,First CPT-4/HCPCS modifier 114,string,NY_SEDD_2018_CORE
CPTM1_115,First CPT-4/HCPCS modifier 115,string,NY_SEDD_2018_CORE
CPTM1_116,First CPT-4/HCPCS modifier 116,string,NY_SEDD_2018_CORE
CPTM1_117,First CPT-4/HCPCS modifier 117,string,NY_SEDD_2018_CORE
CPTM1_118,First CPT-4/HCPCS modifier 118,string,NY_SEDD_2018_CORE
CPTM1_119,First CPT-4/HCPCS modifier 119,string,NY_SEDD_2018_CORE
CPTM1_120,First CPT-4/HCPCS modifier 120,string,NY_SEDD_2018_CORE
CPTM1_121,First CPT-4/HCPCS modifier 121,string,NY_SEDD_2018_CORE
CPTM1_122,First CPT-4/HCPCS modifier 122,string,NY_SEDD_2018_CORE
CPTM1_123,First CPT-4/HCPCS modifier 123,string,NY_SEDD_2018_CORE
CPTM1_124,First CPT-4/HCPCS modifier 124,string,NY_SEDD_2018_CORE
CPTM1_125,First CPT-4/HCPCS modifier 125,string,NY_SEDD_2018_CORE
CPTM1_126,First CPT-4/HCPCS modifier 126,string,NY_SEDD_2018_CORE
CPTM1_127,First CPT-4/HCPCS modifier 127,string,NY_SEDD_2018_CORE
CPTM1_128,First CPT-4/HCPCS modifier 128,string,NY_SEDD_2018_CORE
CPTM1_129,First CPT-4/HCPCS modifier 129,string,NY_SEDD_2018_CORE
CPTM1_130,First CPT-4/HCPCS modifier 130,string,NY_SEDD_2018_CORE
CPTM1_131,First CPT-4/HCPCS modifier 131,string,NY_SEDD_2018_CORE
CPTM1_132,First CPT-4/HCPCS modifier 132,string,NY_SEDD_2018_CORE
CPTM1_133,First CPT-4/HCPCS modifier 133,string,NY_SEDD_2018_CORE
CPTM1_134,First CPT-4/HCPCS modifier 134,string,NY_SEDD_2018_CORE
CPTM1_135,First CPT-4/HCPCS modifier 135,string,NY_SEDD_2018_CORE
CPTM1_136,First CPT-4/HCPCS modifier 136,string,NY_SEDD_2018_CORE
CPTM1_137,First CPT-4/HCPCS modifier 137,string,NY_SEDD_2018_CORE
CPTM1_138,First CPT-4/HCPCS modifier 138,string,NY_SEDD_2018_CORE
CPTM1_139,First CPT-4/HCPCS modifier 139,string,NY_SEDD_2018_CORE
CPTM1_140,First CPT-4/HCPCS modifier 140,string,NY_SEDD_2018_CORE
CPTM1_141,First CPT-4/HCPCS modifier 141,string,NY_SEDD_2018_CORE
CPTM1_142,First CPT-4/HCPCS modifier 142,string,NY_SEDD_2018_CORE
CPTM1_143,First CPT-4/HCPCS modifier 143,string,NY_SEDD_2018_CORE
CPTM1_144,First CPT-4/HCPCS modifier 144,string,NY_SEDD_2018_CORE
CPTM1_145,First CPT-4/HCPCS modifier 145,string,NY_SEDD_2018_CORE
CPTM1_146,First CPT-4/HCPCS modifier 146,string,NY_SEDD_2018_CORE
CPTM1_147,First CPT-4/HCPCS modifier 147,string,NY_SEDD_2018_CORE
CPTM1_148,First CPT-4/HCPCS modifier 148,string,NY_SEDD_2018_CORE
CPTM1_149,First CPT-4/HCPCS modifier 149,string,NY_SEDD_2018_CORE
CPTM1_150,First CPT-4/HCPCS modifier 150,string,NY_SEDD_2018_CORE
CPTM1_151,First CPT-4/HCPCS modifier 151,string,NY_SEDD_2018_CORE
CPTM1_152,First CPT-4/HCPCS modifier 152,string,NY_SEDD_2018_CORE
CPTM1_153,First CPT-4/HCPCS modifier 153,string,NY_SEDD_2018_CORE
CPTM1_154,First CPT-4/HCPCS modifier 154,string,NY_SEDD_2018_CORE
CPTM1_155,First CPT-4/HCPCS modifier 155,string,NY_SEDD_2018_CORE
CPTM1_156,First CPT-4/HCPCS modifier 156,string,NY_SEDD_2018_CORE
CPTM1_157,First CPT-4/HCPCS modifier 157,string,NY_SEDD_2018_CORE
CPTM1_158,First CPT-4/HCPCS modifier 158,string,NY_SEDD_2018_CORE
CPTM1_159,First CPT-4/HCPCS modifier 159,string,NY_SEDD_2018_CORE
CPTM1_160,First CPT-4/HCPCS modifier 160,string,NY_SEDD_2018_CORE
CPTM1_161,First CPT-4/HCPCS modifier 161,string,NY_SEDD_2018_CORE
CPTM1_162,First CPT-4/HCPCS modifier 162,string,NY_SEDD_2018_CORE
CPTM1_163,First CPT-4/HCPCS modifier 163,string,NY_SEDD_2018_CORE
CPTM1_164,First CPT-4/HCPCS modifier 164,string,NY_SEDD_2018_CORE
CPTM1_165,First CPT-4/HCPCS modifier 165,string,NY_SEDD_2018_CORE
CPTM1_166,First CPT-4/HCPCS modifier 166,string,NY_SEDD_2018_CORE
CPTM1_167,First CPT-4/HCPCS modifier 167,string,NY_SEDD_2018_CORE
CPTM1_168,First CPT-4/HCPCS modifier 168,string,NY_SEDD_2018_CORE
CPTM1_169,First CPT-4/HCPCS modifier 169,string,NY_SEDD_2018_CORE
CPTM1_170,First CPT-4/HCPCS modifier 170,string,NY_SEDD_2018_CORE
CPTM1_171,First CPT-4/HCPCS modifier 171,string,NY_SEDD_2018_CORE
CPTM1_172,First CPT-4/HCPCS modifier 172,string,NY_SEDD_2018_CORE
CPTM1_173,First CPT-4/HCPCS modifier 173,string,NY_SEDD_2018_CORE
CPTM1_174,First CPT-4/HCPCS modifier 174,string,NY_SEDD_2018_CORE
CPTM1_175,First CPT-4/HCPCS modifier 175,string,NY_SEDD_2018_CORE
CPTM1_176,First CPT-4/HCPCS modifier 176,string,NY_SEDD_2018_CORE
CPTM1_177,First CPT-4/HCPCS modifier 177,string,NY_SEDD_2018_CORE
CPTM1_178,First CPT-4/HCPCS modifier 178,string,NY_SEDD_2018_CORE
CPTM1_179,First CPT-4/HCPCS modifier 179,string,NY_SEDD_2018_CORE
CPTM1_180,First CPT-4/HCPCS modifier 180,string,NY_SEDD_2018_CORE
CPTM1_181,First CPT-4/HCPCS modifier 181,string,NY_SEDD_2018_CORE
CPTM1_182,First CPT-4/HCPCS modifier 182,string,NY_SEDD_2018_CORE
CPTM1_183,First CPT-4/HCPCS modifier 183,string,NY_SEDD_2018_CORE
CPTM1_184,First CPT-4/HCPCS modifier 184,string,NY_SEDD_2018_CORE
CPTM1_185,First CPT-4/HCPCS modifier 185,string,NY_SEDD_2018_CORE
CPTM1_186,First CPT-4/HCPCS modifier 186,string,NY_SEDD_2018_CORE
CPTM1_187,First CPT-4/HCPCS modifier 187,string,NY_SEDD_2018_CORE
CPTM1_188,First CPT-4/HCPCS modifier 188,string,NY_SEDD_2018_CORE
CPTM1_189,First CPT-4/HCPCS modifier 189,string,NY_SEDD_2018_CORE
CPTM1_190,First CPT-4/HCPCS modifier 190,string,NY_SEDD_2018_CORE
CPTM1_191,First CPT-4/HCPCS modifier 191,string,NY_SEDD_2018_CORE
CPTM1_192,First CPT-4/HCPCS modifier 192,string,NY_SEDD_2018_CORE
CPTM1_193,First CPT-4/HCPCS modifier 193,string,NY_SEDD_2018_CORE
CPTM1_194,First CPT-4/HCPCS modifier 194,string,NY_SEDD_2018_CORE
CPTM1_195,First CPT-4/HCPCS modifier 195,string,NY_SEDD_2018_CORE
CPTM1_196,First CPT-4/HCPCS modifier 196,string,NY_SEDD_2018_CORE
CPTM1_197,First CPT-4/HCPCS modifier 197,string,NY_SEDD_2018_CORE
CPTM1_198,First CPT-4/HCPCS modifier 198,string,NY_SEDD_2018_CORE
CPTM1_199,First CPT-4/HCPCS modifier 199,string,NY_SEDD_2018_CORE
CPTM1_200,First CPT-4/HCPCS modifier 200,string,NY_SEDD_2018_CORE
CPTM2_1,Second CPT-4/HCPCS modifier 1,string,NY_SEDD_2018_CORE
CPTM2_2,Second CPT-4/HCPCS modifier 2,string,NY_SEDD_2018_CORE
CPTM2_3,Second CPT-4/HCPCS modifier 3,string,NY_SEDD_2018_CORE
CPTM2_4,Second CPT-4/HCPCS modifier 4,string,NY_SEDD_2018_CORE
CPTM2_5,Second CPT-4/HCPCS modifier 5,string,NY_SEDD_2018_CORE
CPTM2_6,Second CPT-4/HCPCS modifier 6,string,NY_SEDD_2018_CORE
CPTM2_7,Second CPT-4/HCPCS modifier 7,string,NY_SEDD_2018_CORE
CPTM2_8,Second CPT-4/HCPCS modifier 8,string,NY_SEDD_2018_CORE
CPTM2_9,Second CPT-4/HCPCS modifier 9,string,NY_SEDD_2018_CORE
CPTM2_10,Second CPT-4/HCPCS modifier 10,string,NY_SEDD_2018_CORE
CPTM2_11,Second CPT-4/HCPCS modifier 11,string,NY_SEDD_2018_CORE
CPTM2_12,Second CPT-4/HCPCS modifier 12,string,NY_SEDD_2018_CORE
CPTM2_13,Second CPT-4/HCPCS modifier 13,string,NY_SEDD_2018_CORE
CPTM2_14,Second CPT-4/HCPCS modifier 14,string,NY_SEDD_2018_CORE
CPTM2_15,Second CPT-4/HCPCS modifier 15,string,NY_SEDD_2018_CORE
CPTM2_16,Second CPT-4/HCPCS modifier 16,string,NY_SEDD_2018_CORE
CPTM2_17,Second CPT-4/HCPCS modifier 17,string,NY_SEDD_2018_CORE
CPTM2_18,Second CPT-4/HCPCS modifier 18,string,NY_SEDD_2018_CORE
CPTM2_19,Second CPT-4/HCPCS modifier 19,string,NY_SEDD_2018_CORE
CPTM2_20,Second CPT-4/HCPCS modifier 20,string,NY_SEDD_2018_CORE
CPTM2_21,Second CPT-4/HCPCS modifier 21,string,NY_SEDD_2018_CORE
CPTM2_22,Second CPT-4/HCPCS modifier 22,string,NY_SEDD_2018_CORE
CPTM2_23,Second CPT-4/HCPCS modifier 23,string,NY_SEDD_2018_CORE
CPTM2_24,Second CPT-4/HCPCS modifier 24,string,NY_SEDD_2018_CORE
CPTM2_25,Second CPT-4/HCPCS modifier 25,string,NY_SEDD_2018_CORE
CPTM2_26,Second CPT-4/HCPCS modifier 26,string,NY_SEDD_2018_CORE
CPTM2_27,Second CPT-4/HCPCS modifier 27,string,NY_SEDD_2018_CORE
CPTM2_28,Second CPT-4/HCPCS modifier 28,string,NY_SEDD_2018_CORE
CPTM2_29,Second CPT-4/HCPCS modifier 29,string,NY_SEDD_2018_CORE
CPTM2_30,Second CPT-4/HCPCS modifier 30,string,NY_SEDD_2018_CORE
CPTM2_31,Second CPT-4/HCPCS modifier 31,string,NY_SEDD_2018_CORE
CPTM2_32,Second CPT-4/HCPCS modifier 32,string,NY_SEDD_2018_CORE
CPTM2_33,Second CPT-4/HCPCS modifier 33,string,NY_SEDD_2018_CORE
CPTM2_34,Second CPT-4/HCPCS modifier 34,string,NY_SEDD_2018_CORE
CPTM2_35,Second CPT-4/HCPCS modifier 35,string,NY_SEDD_2018_CORE
CPTM2_36,Second CPT-4/HCPCS modifier 36,string,NY_SEDD_2018_CORE
CPTM2_37,Second CPT-4/HCPCS modifier 37,string,NY_SEDD_2018_CORE
CPTM2_38,Second CPT-4/HCPCS modifier 38,string,NY_SEDD_2018_CORE
CPTM2_39,Second CPT-4/HCPCS modifier 39,string,NY_SEDD_2018_CORE
CPTM2_40,Second CPT-4/HCPCS modifier 40,string,NY_SEDD_2018_CORE
CPTM2_41,Second CPT-4/HCPCS modifier 41,string,NY_SEDD_2018_CORE
CPTM2_42,Second CPT-4/HCPCS modifier 42,string,NY_SEDD_2018_CORE
CPTM2_43,Second CPT-4/HCPCS modifier 43,string,NY_SEDD_2018_CORE
CPTM2_44,Second CPT-4/HCPCS modifier 44,string,NY_SEDD_2018_CORE
CPTM2_45,Second CPT-4/HCPCS modifier 45,string,NY_SEDD_2018_CORE
CPTM2_46,Second CPT-4/HCPCS modifier 46,string,NY_SEDD_2018_CORE
CPTM2_47,Second CPT-4/HCPCS modifier 47,string,NY_SEDD_2018_CORE
CPTM2_48,Second CPT-4/HCPCS modifier 48,string,NY_SEDD_2018_CORE
CPTM2_49,Second CPT-4/HCPCS modifier 49,string,NY_SEDD_2018_CORE
CPTM2_50,Second CPT-4/HCPCS modifier 50,string,NY_SEDD_2018_CORE
CPTM2_51,Second CPT-4/HCPCS modifier 51,string,NY_SEDD_2018_CORE
CPTM2_52,Second CPT-4/HCPCS modifier 52,string,NY_SEDD_2018_CORE
CPTM2_53,Second CPT-4/HCPCS modifier 53,string,NY_SEDD_2018_CORE
CPTM2_54,Second CPT-4/HCPCS modifier 54,string,NY_SEDD_2018_CORE
CPTM2_55,Second CPT-4/HCPCS modifier 55,string,NY_SEDD_2018_CORE
CPTM2_56,Second CPT-4/HCPCS modifier 56,string,NY_SEDD_2018_CORE
CPTM2_57,Second CPT-4/HCPCS modifier 57,string,NY_SEDD_2018_CORE
CPTM2_58,Second CPT-4/HCPCS modifier 58,string,NY_SEDD_2018_CORE
CPTM2_59,Second CPT-4/HCPCS modifier 59,string,NY_SEDD_2018_CORE
CPTM2_60,Second CPT-4/HCPCS modifier 60,string,NY_SEDD_2018_CORE
CPTM2_61,Second CPT-4/HCPCS modifier 61,string,NY_SEDD_2018_CORE
CPTM2_62,Second CPT-4/HCPCS modifier 62,string,NY_SEDD_2018_CORE
CPTM2_63,Second CPT-4/HCPCS modifier 63,string,NY_SEDD_2018_CORE
CPTM2_64,Second CPT-4/HCPCS modifier 64,string,NY_SEDD_2018_CORE
CPTM2_65,Second CPT-4/HCPCS modifier 65,string,NY_SEDD_2018_CORE
CPTM2_66,Second CPT-4/HCPCS modifier 66,string,NY_SEDD_2018_CORE
CPTM2_67,Second CPT-4/HCPCS modifier 67,string,NY_SEDD_2018_CORE
CPTM2_68,Second CPT-4/HCPCS modifier 68,string,NY_SEDD_2018_CORE
CPTM2_69,Second CPT-4/HCPCS modifier 69,string,NY_SEDD_2018_CORE
CPTM2_70,Second CPT-4/HCPCS modifier 70,string,NY_SEDD_2018_CORE
CPTM2_71,Second CPT-4/HCPCS modifier 71,string,NY_SEDD_2018_CORE
CPTM2_72,Second CPT-4/HCPCS modifier 72,string,NY_SEDD_2018_CORE
CPTM2_73,Second CPT-4/HCPCS modifier 73,string,NY_SEDD_2018_CORE
CPTM2_74,Second CPT-4/HCPCS modifier 74,string,NY_SEDD_2018_CORE
CPTM2_75,Second CPT-4/HCPCS modifier 75,string,NY_SEDD_2018_CORE
CPTM2_76,Second CPT-4/HCPCS modifier 76,string,NY_SEDD_2018_CORE
CPTM2_77,Second CPT-4/HCPCS modifier 77,string,NY_SEDD_2018_CORE
CPTM2_78,Second CPT-4/HCPCS modifier 78,string,NY_SEDD_2018_CORE
CPTM2_79,Second CPT-4/HCPCS modifier 79,string,NY_SEDD_2018_CORE
CPTM2_80,Second CPT-4/HCPCS modifier 80,string,NY_SEDD_2018_CORE
CPTM2_81,Second CPT-4/HCPCS modifier 81,string,NY_SEDD_2018_CORE
CPTM2_82,Second CPT-4/HCPCS modifier 82,string,NY_SEDD_2018_CORE
CPTM2_83,Second CPT-4/HCPCS modifier 83,string,NY_SEDD_2018_CORE
CPTM2_84,Second CPT-4/HCPCS modifier 84,string,NY_SEDD_2018_CORE
CPTM2_85,Second CPT-4/HCPCS modifier 85,string,NY_SEDD_2018_CORE
CPTM2_86,Second CPT-4/HCPCS modifier 86,string,NY_SEDD_2018_CORE
CPTM2_87,Second CPT-4/HCPCS modifier 87,string,NY_SEDD_2018_CORE
CPTM2_88,Second CPT-4/HCPCS modifier 88,string,NY_SEDD_2018_CORE
CPTM2_89,Second CPT-4/HCPCS modifier 89,string,NY_SEDD_2018_CORE
CPTM2_90,Second CPT-4/HCPCS modifier 90,string,NY_SEDD_2018_CORE
CPTM2_91,Second CPT-4/HCPCS modifier 91,string,NY_SEDD_2018_CORE
CPTM2_92,Second CPT-4/HCPCS modifier 92,string,NY_SEDD_2018_CORE
CPTM2_93,Second CPT-4/HCPCS modifier 93,string,NY_SEDD_2018_CORE
CPTM2_94,Second CPT-4/HCPCS modifier 94,string,NY_SEDD_2018_CORE
CPTM2_95,Second CPT-4/HCPCS modifier 95,string,NY_SEDD_2018_CORE
CPTM2_96,Second CPT-4/HCPCS modifier 96,string,NY_SEDD_2018_CORE
CPTM2_97,Second CPT-4/HCPCS modifier 97,string,NY_SEDD_2018_CORE
CPTM2_98,Second CPT-4/HCPCS modifier 98,string,NY_SEDD_2018_CORE
CPTM2_99,Second CPT-4/HCPCS modifier 99,string,NY_SEDD_2018_CORE
CPTM2_100,Second CPT-4/HCPCS modifier 100,string,NY_SEDD_2018_CORE
CPTM2_101,Second CPT-4/HCPCS modifier 101,string,NY_SEDD_2018_CORE
CPTM2_102,Second CPT-4/HCPCS modifier 102,string,NY_SEDD_2018_CORE
CPTM2_103,Second CPT-4/HCPCS modifier 103,string,NY_SEDD_2018_CORE
CPTM2_104,Second CPT-4/HCPCS modifier 104,string,NY_SEDD_2018_CORE
CPTM2_105,Second CPT-4/HCPCS modifier 105,string,NY_SEDD_2018_CORE
CPTM2_106,Second CPT-4/HCPCS modifier 106,string,NY_SEDD_2018_CORE
CPTM2_107,Second CPT-4/HCPCS modifier 107,string,NY_SEDD_2018_CORE
CPTM2_108,Second CPT-4/HCPCS modifier 108,string,NY_SEDD_2018_CORE
CPTM2_109,Second CPT-4/HCPCS modifier 109,string,NY_SEDD_2018_CORE
CPTM2_110,Second CPT-4/HCPCS modifier 110,string,NY_SEDD_2018_CORE
CPTM2_111,Second CPT-4/HCPCS modifier 111,string,NY_SEDD_2018_CORE
CPTM2_112,Second CPT-4/HCPCS modifier 112,string,NY_SEDD_2018_CORE
CPTM2_113,Second CPT-4/HCPCS modifier 113,string,NY_SEDD_2018_CORE
CPTM2_114,Second CPT-4/HCPCS modifier 114,string,NY_SEDD_2018_CORE
CPTM2_115,Second CPT-4/HCPCS modifier 115,string,NY_SEDD_2018_CORE
CPTM2_116,Second CPT-4/HCPCS modifier 116,string,NY_SEDD_2018_CORE
CPTM2_117,Second CPT-4/HCPCS modifier 117,string,NY_SEDD_2018_CORE
CPTM2_118,Second CPT-4/HCPCS modifier 118,string,NY_SEDD_2018_CORE
CPTM2_119,Second CPT-4/HCPCS modifier 119,string,NY_SEDD_2018_CORE
CPTM2_120,Second CPT-4/HCPCS modifier 120,string,NY_SEDD_2018_CORE
CPTM2_121,Second CPT-4/HCPCS modifier 121,string,NY_SEDD_2018_CORE
CPTM2_122,Second CPT-4/HCPCS modifier 122,string,NY_SEDD_2018_CORE
CPTM2_123,Second CPT-4/HCPCS modifier 123,string,NY_SEDD_2018_CORE
CPTM2_124,Second CPT-4/HCPCS modifier 124,string,NY_SEDD_2018_CORE
CPTM2_125,Second CPT-4/HCPCS modifier 125,string,NY_SEDD_2018_CORE
CPTM2_126,Second CPT-4/HCPCS modifier 126,string,NY_SEDD_2018_CORE
CPTM2_127,Second CPT-4/HCPCS modifier 127,string,NY_SEDD_2018_CORE
CPTM2_128,Second CPT-4/HCPCS modifier 128,string,NY_SEDD_2018_CORE
CPTM2_129,Second CPT-4/HCPCS modifier 129,string,NY_SEDD_2018_CORE
CPTM2_130,Second CPT-4/HCPCS modifier 130,string,NY_SEDD_2018_CORE
CPTM2_131,Second CPT-4/HCPCS modifier 131,string,NY_SEDD_2018_CORE
CPTM2_132,Second CPT-4/HCPCS modifier 132,string,NY_SEDD_2018_CORE
CPTM2_133,Second CPT-4/HCPCS modifier 133,string,NY_SEDD_2018_CORE
CPTM2_134,Second CPT-4/HCPCS modifier 134,string,NY_SEDD_2018_CORE
CPTM2_135,Second CPT-4/HCPCS modifier 135,string,NY_SEDD_2018_CORE
CPTM2_136,Second CPT-4/HCPCS modifier 136,string,NY_SEDD_2018_CORE
CPTM2_137,Second CPT-4/HCPCS modifier 137,string,NY_SEDD_2018_CORE
CPTM2_138,Second CPT-4/HCPCS modifier 138,string,NY_SEDD_2018_CORE
CPTM2_139,Second CPT-4/HCPCS modifier 139,string,NY_SEDD_2018_CORE
CPTM2_140,Second CPT-4/HCPCS modifier 140,string,NY_SEDD_2018_CORE
CPTM2_141,Second CPT-4/HCPCS modifier 141,string,NY_SEDD_2018_CORE
CPTM2_142,Second CPT-4/HCPCS modifier 142,string,NY_SEDD_2018_CORE
CPTM2_143,Second CPT-4/HCPCS modifier 143,string,NY_SEDD_2018_CORE
CPTM2_144,Second CPT-4/HCPCS modifier 144,string,NY_SEDD_2018_CORE
CPTM2_145,Second CPT-4/HCPCS modifier 145,string,NY_SEDD_2018_CORE
CPTM2_146,Second CPT-4/HCPCS modifier 146,string,NY_SEDD_2018_CORE
CPTM2_147,Second CPT-4/HCPCS modifier 147,string,NY_SEDD_2018_CORE
CPTM2_148,Second CPT-4/HCPCS modifier 148,string,NY_SEDD_2018_CORE
CPTM2_149,Second CPT-4/HCPCS modifier 149,string,NY_SEDD_2018_CORE
CPTM2_150,Second CPT-4/HCPCS modifier 150,string,NY_SEDD_2018_CORE
CPTM2_151,Second CPT-4/HCPCS modifier 151,string,NY_SEDD_2018_CORE
CPTM2_152,Second CPT-4/HCPCS modifier 152,string,NY_SEDD_2018_CORE
CPTM2_153,Second CPT-4/HCPCS modifier 153,string,NY_SEDD_2018_CORE
CPTM2_154,Second CPT-4/HCPCS modifier 154,string,NY_SEDD_2018_CORE
CPTM2_155,Second CPT-4/HCPCS modifier 155,string,NY_SEDD_2018_CORE
CPTM2_156,Second CPT-4/HCPCS modifier 156,string,NY_SEDD_2018_CORE
CPTM2_157,Second CPT-4/HCPCS modifier 157,string,NY_SEDD_2018_CORE
CPTM2_158,Second CPT-4/HCPCS modifier 158,string,NY_SEDD_2018_CORE
CPTM2_159,Second CPT-4/HCPCS modifier 159,string,NY_SEDD_2018_CORE
CPTM2_160,Second CPT-4/HCPCS modifier 160,string,NY_SEDD_2018_CORE
CPTM2_161,Second CPT-4/HCPCS modifier 161,string,NY_SEDD_2018_CORE
CPTM2_162,Second CPT-4/HCPCS modifier 162,string,NY_SEDD_2018_CORE
CPTM2_163,Second CPT-4/HCPCS modifier 163,string,NY_SEDD_2018_CORE
CPTM2_164,Second CPT-4/HCPCS modifier 164,string,NY_SEDD_2018_CORE
CPTM2_165,Second CPT-4/HCPCS modifier 165,string,NY_SEDD_2018_CORE
CPTM2_166,Second CPT-4/HCPCS modifier 166,string,NY_SEDD_2018_CORE
CPTM2_167,Second CPT-4/HCPCS modifier 167,string,NY_SEDD_2018_CORE
CPTM2_168,Second CPT-4/HCPCS modifier 168,string,NY_SEDD_2018_CORE
CPTM2_169,Second CPT-4/HCPCS modifier 169,string,NY_SEDD_2018_CORE
CPTM2_170,Second CPT-4/HCPCS modifier 170,string,NY_SEDD_2018_CORE
CPTM2_171,Second CPT-4/HCPCS modifier 171,string,NY_SEDD_2018_CORE
CPTM2_172,Second CPT-4/HCPCS modifier 172,string,NY_SEDD_2018_CORE
CPTM2_173,Second CPT-4/HCPCS modifier 173,string,NY_SEDD_2018_CORE
CPTM2_174,Second CPT-4/HCPCS modifier 174,string,NY_SEDD_2018_CORE
CPTM2_175,Second CPT-4/HCPCS modifier 175,string,NY_SEDD_2018_CORE
CPTM2_176,Second CPT-4/HCPCS modifier 176,string,NY_SEDD_2018_CORE
CPTM2_177,Second CPT-4/HCPCS modifier 177,string,NY_SEDD_2018_CORE
CPTM2_178,Second CPT-4/HCPCS modifier 178,string,NY_SEDD_2018_CORE
CPTM2_179,Second CPT-4/HCPCS modifier 179,string,NY_SEDD_2018_CORE
CPTM2_180,Second CPT-4/HCPCS modifier 180,string,NY_SEDD_2018_CORE
CPTM2_181,Second CPT-4/HCPCS modifier 181,string,NY_SEDD_2018_CORE
CPTM2_182,Second CPT-4/HCPCS modifier 182,string,NY_SEDD_2018_CORE
CPTM2_183,Second CPT-4/HCPCS modifier 183,string,NY_SEDD_2018_CORE
CPTM2_184,Second CPT-4/HCPCS modifier 184,string,NY_SEDD_2018_CORE
CPTM2_185,Second CPT-4/HCPCS modifier 185,string,NY_SEDD_2018_CORE
CPTM2_186,Second CPT-4/HCPCS modifier 186,string,NY_SEDD_2018_CORE
CPTM2_187,Second CPT-4/HCPCS modifier 187,string,NY_SEDD_2018_CORE
CPTM2_188,Second CPT-4/HCPCS modifier 188,string,NY_SEDD_2018_CORE
CPTM2_189,Second CPT-4/HCPCS modifier 189,string,NY_SEDD_2018_CORE
CPTM2_190,Second CPT-4/HCPCS modifier 190,string,NY_SEDD_2018_CORE
CPTM2_191,Second CPT-4/HCPCS modifier 191,string,NY_SEDD_2018_CORE
CPTM2_192,Second CPT-4/HCPCS modifier 192,string,NY_SEDD_2018_CORE
CPTM2_193,Second CPT-4/HCPCS modifier 193,string,NY_SEDD_2018_CORE
CPTM2_194,Second CPT-4/HCPCS modifier 194,string,NY_SEDD_2018_CORE
CPTM2_195,Second CPT-4/HCPCS modifier 195,string,NY_SEDD_2018_CORE
CPTM2_196,Second CPT-4/HCPCS modifier 196,string,NY_SEDD_2018_CORE
CPTM2_197,Second CPT-4/HCPCS modifier 197,string,NY_SEDD_2018_CORE
CPTM2_198,Second CPT-4/HCPCS modifier 198,string,NY_SEDD_2018_CORE
CPTM2_199,Second CPT-4/HCPCS modifier 199,string,NY_SEDD_2018_CORE
CPTM2_200,Second CPT-4/HCPCS modifier 200,string,NY_SEDD_2018_CORE
DaysToEvent,Days from 'start date' to admission,int32,NY_SEDD_2018_CORE
DHOUR,Discharge Hour,int32,NY_SEDD_2018_CORE
DIED,Died during hospitalization,int32,NY_SEDD_2018_CORE
DISP_X,Disposition of patient (as received from source),string,NY_SEDD_2018_CORE
DISPUB04,Disposition of patient (UB-04 standard coding),int32,NY_SEDD_2018_CORE
DISPUNIFORM,Disposition of patient (uniform),int32,NY_SEDD_2018_CORE
DMONTH,Discharge month,int32,NY_SEDD_2018_CORE
DQTR,Discharge quarter,int32,NY_SEDD_2018_CORE
DSHOSPID,Data source hospital identifier,string,NY_SEDD_2018_CORE
DURATION,Elapsed time for hospital care in hours and minutes,int32,NY_SEDD_2018_CORE
FEMALE,Indicator of sex,int32,NY_SEDD_2018_CORE
HCUP_ED,HCUP Emergency Department service indicator,int32,NY_SEDD_2018_CORE
HCUP_OS,HCUP Observation Stay service indicator,int32,NY_SEDD_2018_CORE
HEART_RATE_X,"Heart rate of the patient, as received from data source",int32,NY_SEDD_2018_CORE
HISPANIC,Hispanic ethnicity (uniform),int32,NY_SEDD_2018_CORE
HISPANIC_X,Hispanic ethnicity (as received from source),string,NY_SEDD_2018_CORE
Homeless,Indicator that patient is homeless,int32,NY_SEDD_2018_CORE
HOSP_NPI,Hospital NPI,string,NY_SEDD_2018_CORE
HOSPST,Hospital state postal code,string,NY_SEDD_2018_CORE
I10_DX_Visit_Reason1,ICD-10-CM Reason for visit diagnosis 1,string,NY_SEDD_2018_CORE
I10_DX_Visit_Reason2,ICD-10-CM Reason for visit diagnosis 2,string,NY_SEDD_2018_CORE
I10_DX_Visit_Reason3,ICD-10-CM Reason for visit diagnosis 3,string,NY_SEDD_2018_CORE
I10_DX1,ICD-10-CM Diagnosis 1,string,NY_SEDD_2018_CORE
I10_DX2,ICD-10-CM Diagnosis 2,string,NY_SEDD_2018_CORE
I10_DX3,ICD-10-CM Diagnosis 3,string,NY_SEDD_2018_CORE
I10_DX4,ICD-10-CM Diagnosis 4,string,NY_SEDD_2018_CORE
I10_DX5,ICD-10-CM Diagnosis 5,string,NY_SEDD_2018_CORE
I10_DX6,ICD-10-CM Diagnosis 6,string,NY_SEDD_2018_CORE
I10_DX7,ICD-10-CM Diagnosis 7,string,NY_SEDD_2018_CORE
I10_DX8,ICD-10-CM Diagnosis 8,string,NY_SEDD_2018_CORE
I10_DX9,ICD-10-CM Diagnosis 9,string,NY_SEDD_2018_CORE
I10_DX10,ICD-10-CM Diagnosis 10,string,NY_SEDD_2018_CORE
I10_DX11,ICD-10-CM Diagnosis 11,string,NY_SEDD_2018_CORE
I10_DX12,ICD-10-CM Diagnosis 12,string,NY_SEDD_2018_CORE
I10_DX13,ICD-10-CM Diagnosis 13,string,NY_SEDD_2018_CORE
I10_DX14,ICD-10-CM Diagnosis 14,string,NY_SEDD_2018_CORE
I10_DX15,ICD-10-CM Diagnosis 15,string,NY_SEDD_2018_CORE
I10_DX16,ICD-10-CM Diagnosis 16,string,NY_SEDD_2018_CORE
I10_DX17,ICD-10-CM Diagnosis 17,string,NY_SEDD_2018_CORE
I10_DX18,ICD-10-CM Diagnosis 18,string,NY_SEDD_2018_CORE
I10_DX19,ICD-10-CM Diagnosis 19,string,NY_SEDD_2018_CORE
I10_DX20,ICD-10-CM Diagnosis 20,string,NY_SEDD_2018_CORE
I10_DX21,ICD-10-CM Diagnosis 21,string,NY_SEDD_2018_CORE
I10_DX22,ICD-10-CM Diagnosis 22,string,NY_SEDD_2018_CORE
I10_DX23,ICD-10-CM Diagnosis 23,string,NY_SEDD_2018_CORE
I10_DX24,ICD-10-CM Diagnosis 24,string,NY_SEDD_2018_CORE
I10_DX25,ICD-10-CM Diagnosis 25,string,NY_SEDD_2018_CORE
I10_DX26,ICD-10-CM Diagnosis 26,string,NY_SEDD_2018_CORE
I10_DX27,ICD-10-CM Diagnosis 27,string,NY_SEDD_2018_CORE
I10_DX28,ICD-10-CM Diagnosis 28,string,NY_SEDD_2018_CORE
I10_DX29,ICD-10-CM Diagnosis 29,string,NY_SEDD_2018_CORE
I10_DX30,ICD-10-CM Diagnosis 30,string,NY_SEDD_2018_CORE
I10_NDX,ICD-10-CM Number of diagnoses on this record,int32,NY_SEDD_2018_CORE
I10_PROCTYPE,ICD-10-PCS Procedure type indicator,int32,NY_SEDD_2018_CORE
KEY,HCUP record identifier,double,NY_SEDD_2018_CORE
LOS,Length of stay (cleaned),int32,NY_SEDD_2018_CORE
LOS_X,Length of stay (as received from source),int32,NY_SEDD_2018_CORE
MARITALSTATUS_X,Patient's marital status (as received from source),string,NY_SEDD_2018_CORE
MARITALSTATUSUB04,"Patient's marital status, UB-04 standard coding",string,NY_SEDD_2018_CORE
MDNUM1_R,Physician 1 number (re-identified),int32,NY_SEDD_2018_CORE
MDNUM2_R,Physician 2 number (re-identified),int32,NY_SEDD_2018_CORE
MEDINCSTQ,Median household income state quartile for patient ZIP Code,int32,NY_SEDD_2018_CORE
NCPT,Number of CPT/HCPCS procedures for this visit,int32,NY_SEDD_2018_CORE
OPservice,Indicator of outpatient service (as received from source),string,NY_SEDD_2018_CORE
OS_TIME,Observation stay time summed from UNITS,double,NY_SEDD_2018_CORE
PAY1,Primary expected payer (uniform),int32,NY_SEDD_2018_CORE
PAY1_X,Primary expected payer (as received from source),string,NY_SEDD_2018_CORE
PAY2,Secondary expected payer (uniform),int32,NY_SEDD_2018_CORE
PAY2_X,Secondary expected payer (as received from source),string,NY_SEDD_2018_CORE
PAY3,Tertiary expected payer (uniform),int32,NY_SEDD_2018_CORE
PAY3_X,Tertiary expected payer (as received from source),string,NY_SEDD_2018_CORE
PL_CBSA,Patient location: Core Based Statistical Area (CBSA),int32,NY_SEDD_2018_CORE
PL_NCHS,Patient Location: NCHS Urban-Rural Code,int32,NY_SEDD_2018_CORE
PL_RUCC,Patient location: Rural-Urban Continuum Codes (RUCC),int32,NY_SEDD_2018_CORE
PL_UIC,Patient location: Urban Influence Codes,int32,NY_SEDD_2018_CORE
PL_UR_CAT4,Patient Location: Urban-Rural 4 Categories,int32,NY_SEDD_2018_CORE
PointOfOrigin_X,"Point of origin for admission or visit, as received from source",string,NY_SEDD_2018_CORE
PointOfOriginUB04,"Point of origin for admission or visit, UB-04 standard coding",string,NY_SEDD_2018_CORE
PSTATE,Patient State postal code,string,NY_SEDD_2018_CORE
PSTCO,Patient state/county FIPS code,int32,NY_SEDD_2018_CORE
PSTCO2,"Patient state/county FIPS code, possibly derived from ZIP Code",int32,NY_SEDD_2018_CORE
RACE,Race (uniform),int32,NY_SEDD_2018_CORE
RACE_X,Race (as received from source),string,NY_SEDD_2018_CORE
STATE_AS,State Ambulatory Surgery service indicator,int32,NY_SEDD_2018_CORE
STATE_ED,State Emergency Department service indicator,int32,NY_SEDD_2018_CORE
STATE_OS,State Observation Stay service indicator,int32,NY_SEDD_2018_CORE
TOTCHG,Total charges (cleaned),double,NY_SEDD_2018_CORE
TOTCHG_X,Total charges (as received from source),double,NY_SEDD_2018_CORE
VisitLink,Visit linkage variable,int32,NY_SEDD_2018_CORE
YEAR,Calendar year,int32,NY_SEDD_2018_CORE
ZIP,Patient ZIP Code,string,NY_SEDD_2018_CORE
ZIP3,"Patient ZIP Code, first 3 digits",string,NY_SEDD_2018_CORE
ZIPINC_QRTL,Median household income national quartile for patient ZIP Code,int32,NY_SEDD_2018_CORE
AYEAR,Admission year,int32,NY_SEDD_2018_CORE
BMONTH,Birth month,int32,NY_SEDD_2018_CORE
BYEAR,Birth year,int32,NY_SEDD_2018_CORE
